country,1960,1961,1962,1963,1964,1965,1966,1967,1968,1969,1970,1971,1972,1973,1974,1975,1976,1977,1978,1979,1980,1981,1982,1983,1984,1985,1986,1987,1988,1989,1990,1991,1992,1993,1994,1995,1996,1997,1998,1999,2000,2001,2002,2003,2004,2005,2006,2007,2008,2009,2010,2011,2012,2013,2014,2015,2016,2017,2018
Afghanistan,756000,796000,839000,885000,934000,986000,1040000,1100000,1160000,1230000,1300000,1380000,1460000,1550000,1640000,1730000,1820000,1910000,2000000,2070000,2140000,2180000,2210000,2230000,2240000,2270000,2310000,2360000,2440000,2500000,2630000,2830000,3090000,3390000,3680000,3920000,4090000,4220000,4320000,4430000,4590000,4790000,5030000,5290000,5560000,5820000,6060000,6260000,6460000,6680000,6930000,7210000,7530000,7870000,8200000,8540000,8850000,9160000,9480000
Albania,494000,514000,531000,548000,565000,582000,599000,617000,636000,657000,678000,699000,721000,742000,764000,787000,809000,832000,855000,877000,902000,928000,955000,983000,1010000,1040000,1070000,1100000,1130000,1170000,1200000,1200000,1210000,1220000,1230000,1240000,1250000,1260000,1270000,1280000,1290000,1300000,1330000,1350000,1380000,1410000,1430000,1450000,1470000,1500000,1520000,1550000,1580000,1600000,1630000,1650000,1680000,1710000,1730000
Algeria,3370000,3600000,3860000,4130000,4420000,4720000,5010000,5180000,5350000,5530000,5710000,5900000,6090000,6280000,6490000,6700000,6920000,7200000,7570000,7960000,8370000,8810000,9270000,9750000,10200000,10800000,11300000,11800000,12300000,12900000,13400000,14000000,14500000,15000000,15600000,16100000,16600000,17100000,17600000,18100000,18600000,19100000,19600000,20100000,20600000,21200000,21700000,22300000,23000000,23600000,24300000,25000000,25800000,26500000,27300000,28100000,29000000,29800000,30700000
Andorra,7840,8770,9750,10800,11900,13100,14300,15500,16800,18100,19500,20900,22400,23900,25400,26800,28100,29300,30500,31800,33200,34800,36600,38500,40400,42400,44300,46100,47900,49800,51600,53600,55500,57400,58800,59800,60100,59900,59600,59600,60400,62000,64200,66700,69200,71200,72700,73800,74600,75100,75000,74300,73100,71500,70100,68900,68200,67900,67800
Angola,569000,597000,628000,660000,692000,722000,750000,776000,804000,838000,881000,944000,1030000,1120000,1230000,1340000,1460000,1590000,1720000,1870000,2030000,2200000,2380000,2580000,2790000,3020000,3270000,3530000,3800000,4090000,4400000,4730000,5070000,5430000,5810000,6160000,6530000,6920000,7330000,7760000,8210000,8690000,9190000,9720000,10300000,10900000,11400000,12000000,12600000,13300000,14000000,14700000,15400000,16100000,16900000,17700000,18500000,19300000,20200000
Antigua and Barbuda,21500,21500,21500,21400,21400,21500,21600,21700,21800,21800,21700,21800,21800,21700,21500,21400,21400,21400,21400,21400,21400,21400,21500,21500,21600,21600,21700,21700,21800,21900,22200,22500,22600,22800,23100,23300,23600,23800,24100,24300,24400,24500,24300,24200,24000,23800,23700,23500,23400,23300,23100,22900,23100,23200,23300,23400,23500,23600,23700
Argentina,15100000,15400000,15800000,16200000,16600000,16900000,17300000,17700000,18000000,18400000,18800000,19200000,19700000,20100000,20500000,20900000,21400000,21800000,22200000,22700000,23100000,23600000,24100000,24600000,25200000,25700000,26200000,26800000,27300000,27800000,28400000,28900000,29400000,29800000,30300000,30700000,31100000,31600000,32000000,32400000,32900000,33300000,33700000,34200000,34600000,35000000,35400000,35900000,36300000,36700000,37100000,37500000,38000000,38500000,39000000,39500000,39900000,40400000,40900000
Armenia,961000,1010000,1070000,1120000,1170000,1230000,1290000,1340000,1400000,1450000,1510000,1570000,1630000,1690000,1750000,1800000,1860000,1910000,1960000,2010000,2050000,2090000,2120000,2160000,2200000,2240000,2280000,2330000,2370000,2390000,2390000,2350000,2300000,2240000,2180000,2130000,2080000,2050000,2030000,2010000,1980000,1960000,1950000,1940000,1920000,1910000,1890000,1870000,1850000,1840000,1830000,1820000,1820000,1830000,1840000,1850000,1850000,1860000,1860000
Australia,8380000,8590000,8830000,9030000,9250000,9460000,9710000,9850000,10000000,10300000,10500000,10900000,11100000,11300000,11600000,11800000,11900000,12100000,12200000,12400000,12600000,12800000,13000000,13200000,13300000,13500000,13700000,13900000,14100000,14400000,14600000,14800000,14900000,15000000,15200000,15300000,15500000,15700000,15800000,16000000,16100000,16300000,16600000,16800000,17000000,17300000,17500000,17700000,18000000,18500000,18800000,19100000,19400000,19800000,20100000,20400000,20800000,21100000,21500000
Austria,4560000,4590000,4620000,4660000,4690000,4730000,4760000,4800000,4830000,4850000,4870000,4900000,4930000,4960000,4960000,4950000,4940000,4950000,4940000,4940000,4940000,4950000,4930000,4900000,4880000,4860000,4850000,4830000,4820000,4820000,4830000,4860000,4890000,4910000,4910000,4900000,4880000,4860000,4850000,4830000,4820000,4820000,4820000,4820000,4830000,4840000,4840000,4830000,4820000,4810000,4800000,4790000,4820000,4860000,4920000,4990000,5060000,5110000,5150000
Azerbaijan,2050000,2110000,2170000,2230000,2290000,2350000,2400000,2450000,2490000,2530000,2590000,2670000,2740000,2820000,2880000,2940000,3010000,3070000,3130000,3190000,3250000,3310000,3370000,3430000,3500000,3570000,3640000,3720000,3790000,3850000,3850000,3890000,3920000,3960000,3990000,4010000,4030000,4040000,4060000,4090000,4140000,4180000,4230000,4280000,4340000,4400000,4460000,4530000,4640000,4760000,4840000,4920000,5010000,5100000,5190000,5280000,5370000,5450000,5530000
Bahamas,65400,69600,74100,78900,83800,88700,93700,98800,104000,109000,113000,117000,121000,125000,128000,132000,136000,140000,145000,149000,154000,159000,164000,169000,175000,180000,185000,190000,195000,200000,205000,209000,214000,218000,223000,227000,231000,234000,237000,241000,244000,248000,253000,257000,262000,267000,272000,278000,283000,288000,293000,297000,300000,303000,306000,310000,313000,317000,320000
Bahrain,134000,138000,143000,147000,151000,155000,159000,163000,167000,172000,178000,185000,193000,202000,213000,226000,242000,259000,277000,294000,310000,323000,334000,344000,354000,366000,379000,393000,408000,423000,437000,450000,462000,474000,486000,498000,511000,526000,542000,563000,587000,616000,650000,688000,734000,786000,848000,917000,987000,1050000,1100000,1130000,1150000,1170000,1190000,1220000,1270000,1330000,1400000
Bangladesh,2470000,2610000,2790000,2990000,3210000,3440000,3700000,3970000,4270000,4570000,4880000,5180000,5480000,5790000,6210000,6890000,7670000,8540000,9530000,10600000,11800000,12900000,13600000,14300000,15100000,15900000,16700000,17600000,18500000,19500000,20400000,21400000,22300000,23100000,24000000,25000000,26000000,27000000,28000000,29000000,30100000,31300000,32800000,34300000,35800000,37300000,38800000,40300000,41800000,43400000,45000000,46600000,48300000,50000000,51800000,53600000,55400000,57300000,59100000
Barbados,84900,85400,85900,86400,87000,87400,87900,88200,88600,89100,89700,90800,91900,93200,94400,95600,96900,98000,99200,100000,101000,101000,101000,100000,99700,99300,98900,98500,98200,97900,97500,96900,96300,95700,95200,94600,94000,93500,92900,92400,91800,91600,91400,91200,90900,90700,90600,90400,90300,90100,89900,89700,89500,89400,89200,89200,89100,89200,89300
Belarus,2660000,2770000,2900000,3020000,3150000,3280000,3420000,3550000,3690000,3830000,3980000,4130000,4290000,4450000,4600000,4740000,4880000,5020000,5170000,5310000,5450000,5590000,5730000,5880000,6030000,6170000,6310000,6460000,6580000,6670000,6720000,6770000,6820000,6880000,6910000,6920000,6940000,6950000,6950000,6970000,6980000,7000000,7000000,7000000,6990000,6990000,6990000,7010000,7020000,7050000,7090000,7120000,7160000,7210000,7270000,7320000,7380000,7420000,7450000
Belgium,8460000,8500000,8550000,8620000,8720000,8810000,8890000,8950000,9000000,9040000,9060000,9090000,9140000,9180000,9220000,9260000,9290000,9320000,9350000,9380000,9400000,9420000,9430000,9440000,9440000,9460000,9470000,9490000,9530000,9570000,9610000,9650000,9700000,9740000,9780000,9810000,9840000,9870000,9900000,9930000,9960000,10000000,10000000,10100000,10100000,10200000,10300000,10400000,10400000,10500000,10600000,10800000,10900000,10900000,11000000,11000000,11100000,11100000,11200000
Belize,49700,50900,52000,53200,54400,55700,57000,58400,59800,61100,62300,63400,64400,65300,66100,66900,67600,68300,69100,70000,71200,72600,74200,76000,77900,79900,81800,83700,85700,87400,89000,90300,91400,92600,94100,96100,98700,102000,105000,109000,112000,116000,119000,122000,125000,129000,132000,135000,139000,142000,146000,149000,153000,157000,160000,164000,168000,171000,175000
Benin,226000,243000,262000,283000,305000,330000,356000,385000,416000,450000,486000,525000,568000,613000,662000,715000,772000,834000,900000,965000,1020000,1070000,1130000,1190000,1250000,1320000,1390000,1460000,1540000,1630000,1720000,1820000,1910000,2000000,2080000,2170000,2260000,2350000,2440000,2530000,2630000,2740000,2850000,2970000,3100000,3240000,3370000,3510000,3660000,3810000,3960000,4130000,4290000,4470000,4650000,4830000,5030000,5230000,5430000
Bhutan,8030,8680,9380,10100,11000,11900,12900,14100,15300,16600,18100,19700,21400,23200,25300,27400,29800,32400,35100,38100,41200,44500,48000,51700,55700,60100,65000,70400,76100,81700,87000,91700,96000,100000,105000,110000,116000,124000,132000,141000,150000,160000,170000,180000,191000,201000,208000,216000,223000,231000,239000,247000,255000,264000,273000,282000,290000,299000,309000
Bolivia,1340000,1380000,1420000,1460000,1500000,1550000,1590000,1640000,1680000,1730000,1780000,1840000,1890000,1950000,2010000,2070000,2130000,2220000,2320000,2430000,2540000,2650000,2760000,2880000,3000000,3120000,3250000,3390000,3520000,3670000,3820000,3970000,4120000,4250000,4380000,4510000,4640000,4780000,4920000,5060000,5200000,5350000,5490000,5630000,5780000,5920000,6070000,6220000,6370000,6520000,6680000,6830000,6990000,7140000,7290000,7430000,7580000,7730000,7880000
Bosnia and Herzegovina,614000,647000,685000,725000,766000,807000,848000,890000,933000,977000,1020000,1070000,1110000,1160000,1200000,1250000,1290000,1340000,1390000,1430000,1490000,1530000,1560000,1590000,1620000,1650000,1680000,1710000,1740000,1750000,1750000,1730000,1690000,1640000,1590000,1560000,1550000,1550000,1560000,1570000,1590000,1600000,1620000,1630000,1640000,1660000,1670000,1680000,1690000,1690000,1690000,1680000,1670000,1650000,1630000,1620000,1610000,1600000,1600000
Botswana,15400,15900,16400,17000,18200,21500,25400,29900,35300,41600,49200,58200,64700,71600,79400,88100,97800,109000,121000,134000,148000,163000,188000,216000,249000,286000,328000,374000,426000,481000,540000,601000,633000,662000,690000,720000,750000,781000,812000,843000,875000,905000,930000,954000,980000,1010000,1040000,1090000,1140000,1190000,1240000,1290000,1320000,1350000,1390000,1420000,1470000,1510000,1570000
Brazil,33300000,35000000,36800000,38700000,40600000,42600000,44600000,46700000,48800000,51000000,53200000,55500000,57800000,60200000,62600000,65200000,67800000,70500000,73200000,76100000,79000000,82000000,85100000,88200000,91400000,94500000,97600000,101000000,104000000,107000000,110000000,113000000,116000000,119000000,123000000,126000000,129000000,132000000,135000000,139000000,142000000,145000000,147000000,149000000,152000000,154000000,156000000,159000000,161000000,163000000,165000000,167000000,169000000,171000000,173000000,175000000,177000000,179000000,181000000
Brunei,35500,38700,42100,45800,49700,53900,58400,63300,68500,74000,79900,86000,90500,94900,99300,104000,108000,113000,117000,122000,126000,130000,134000,139000,143000,147000,152000,157000,162000,167000,172000,177000,184000,190000,197000,204000,211000,217000,224000,231000,237000,244000,250000,256000,262000,267000,272000,277000,282000,286000,291000,296000,302000,307000,313000,318000,323000,328000,333000
Bulgaria,2920000,3080000,3240000,3410000,3580000,3750000,3900000,4030000,4170000,4300000,4440000,4560000,4670000,4780000,4910000,5020000,5130000,5230000,5320000,5400000,5500000,5570000,5630000,5690000,5740000,5790000,5820000,5860000,5900000,5860000,5790000,5760000,5730000,5700000,5700000,5700000,5690000,5670000,5650000,5640000,5630000,5540000,5450000,5430000,5420000,5410000,5390000,5380000,5370000,5360000,5350000,5340000,5330000,5330000,5320000,5310000,5300000,5280000,5270000
Burkina Faso,227000,235000,243000,251000,260000,269000,279000,289000,300000,311000,323000,335000,348000,362000,376000,391000,418000,458000,501000,548000,601000,659000,722000,793000,869000,953000,1020000,1060000,1110000,1160000,1220000,1270000,1330000,1390000,1460000,1530000,1600000,1690000,1810000,1940000,2070000,2210000,2370000,2530000,2700000,2890000,3090000,3280000,3460000,3650000,3840000,4050000,4270000,4500000,4740000,4990000,5250000,5520000,5800000
Burundi,58100,60300,62600,65000,67600,71000,75900,81400,87100,93100,99000,105000,111000,117000,123000,130000,139000,148000,158000,169000,180000,192000,205000,218000,233000,248000,265000,283000,301000,321000,341000,359000,377000,396000,414000,432000,449000,466000,484000,504000,526000,552000,582000,615000,652000,690000,732000,776000,822000,871000,923000,978000,1030000,1100000,1160000,1230000,1300000,1380000,1460000
Cambodia,589000,605000,623000,649000,675000,700000,724000,809000,901000,1000000,1120000,1340000,1590000,1880000,2190000,337000,357000,373000,388000,406000,663000,860000,902000,955000,1010000,1070000,1130000,1190000,1260000,1320000,1400000,1480000,1560000,1650000,1750000,1840000,1940000,2040000,2130000,2200000,2260000,2320000,2380000,2430000,2490000,2550000,2600000,2660000,2720000,2810000,2900000,3000000,3110000,3220000,3330000,3440000,3560000,3680000,3800000
Cameroon,722000,766000,813000,863000,917000,975000,1040000,1100000,1170000,1240000,1320000,1440000,1570000,1720000,1870000,2030000,2200000,2320000,2460000,2600000,2750000,2910000,3080000,3260000,3450000,3650000,3860000,4070000,4270000,4470000,4670000,4880000,5100000,5330000,5560000,5790000,6030000,6280000,6530000,6790000,7070000,7350000,7650000,7950000,8270000,8610000,8960000,9320000,9690000,10100000,10500000,10900000,11300000,11800000,12200000,12700000,13200000,13700000,14200000
Canada,12400000,12700000,13100000,13500000,13900000,14300000,14800000,15100000,15500000,15800000,16100000,16700000,16900000,17100000,17300000,17500000,17700000,17900000,18100000,18300000,18500000,18800000,19100000,19300000,19500000,19700000,20000000,20200000,20500000,20900000,21200000,21500000,21800000,22100000,22500000,22800000,23100000,23400000,23700000,24000000,24400000,24800000,25100000,25300000,25600000,25800000,26100000,26400000,26800000,27200000,27500000,27800000,28200000,28500000,28800000,29000000,29400000,29700000,30200000
Cape Verde,33700,34800,36200,37800,39700,41600,43800,46200,48600,50700,52500,54000,55100,56000,56800,57900,59200,60700,62400,64400,66800,72200,78100,84500,91200,98200,107000,117000,127000,137000,149000,156000,164000,172000,180000,188000,197000,205000,213000,221000,229000,237000,244000,252000,260000,267000,275000,282000,289000,297000,305000,311000,317000,324000,331000,337000,344000,351000,357000
Central African Republic,302000,317000,332000,349000,367000,386000,406000,427000,450000,474000,498000,522000,546000,571000,597000,626000,651000,671000,694000,718000,745000,774000,806000,840000,872000,903000,932000,958000,985000,1010000,1030000,1060000,1090000,1130000,1160000,1200000,1230000,1270000,1300000,1340000,1370000,1400000,1440000,1470000,1500000,1540000,1570000,1610000,1650000,1680000,1710000,1730000,1750000,1760000,1780000,1810000,1840000,1880000,1930000
Chad,201000,213000,226000,240000,256000,278000,302000,329000,357000,388000,421000,459000,500000,542000,588000,636000,687000,741000,798000,822000,848000,876000,905000,936000,971000,1010000,1050000,1090000,1140000,1190000,1240000,1290000,1350000,1410000,1450000,1510000,1560000,1620000,1680000,1740000,1810000,1880000,1960000,2040000,2120000,2200000,2280000,2370000,2450000,2540000,2630000,2730000,2830000,2940000,3060000,3180000,3300000,3430000,3570000
Chile,5520000,5700000,5890000,6070000,6260000,6450000,6630000,6810000,6990000,7180000,7360000,7540000,7730000,7920000,8110000,8300000,8500000,8690000,8890000,9080000,9280000,9470000,9660000,9810000,9960000,10100000,10300000,10500000,10700000,10900000,11100000,11300000,11500000,11700000,11900000,12200000,12400000,12600000,12800000,13000000,13200000,13400000,13600000,13700000,13900000,14000000,14200000,14400000,14500000,14700000,14900000,15000000,15200000,15300000,15500000,15700000,15900000,16200000,16400000
China,108000000,110000000,115000000,121000000,128000000,129000000,132000000,134000000,137000000,140000000,142000000,145000000,148000000,152000000,156000000,159000000,162000000,165000000,171000000,180000000,190000000,200000000,211000000,220000000,230000000,240000000,251000000,263000000,275000000,288000000,300000000,314000000,329000000,343000000,358000000,373000000,389000000,404000000,421000000,437000000,453000000,472000000,492000000,512000000,533000000,554000000,575000000,596000000,616000000,637000000,658000000,679000000,699000000,720000000,740000000,761000000,782000000,804000000,824000000
Colombia,7430000,7900000,8400000,8920000,9460000,9890000,10300000,10800000,11200000,11700000,12200000,12600000,13100000,13600000,14000000,14500000,15000000,15500000,16100000,16600000,17100000,17700000,18300000,18900000,19500000,20100000,20700000,21200000,21800000,22400000,23000000,23600000,24200000,24900000,25500000,26100000,26800000,27400000,28000000,28700000,29300000,29900000,30600000,31200000,31800000,32400000,33000000,33600000,34200000,34700000,35300000,35800000,36300000,36800000,37300000,37900000,38600000,39300000,40100000
Comoros,24000,25900,28000,30200,32600,35200,38100,39600,41200,42900,44600,46300,48100,50000,52200,54600,57500,60700,64200,67800,71500,75100,78800,82500,86400,90500,94900,99500,104000,109000,115000,120000,124000,128000,131000,135000,138000,142000,145000,149000,152000,156000,159000,163000,167000,170000,175000,179000,183000,188000,193000,198000,204000,209000,215000,221000,228000,234000,241000
"Congo, Dem. Rep.",3400000,3520000,3650000,3780000,3920000,4070000,4230000,4390000,4560000,4740000,4920000,5110000,5300000,5490000,5700000,5910000,6140000,6380000,6630000,6880000,7140000,7390000,7650000,7910000,8180000,8520000,8880000,9250000,9660000,10100000,10600000,11200000,11800000,12400000,13000000,13700000,14200000,14800000,15300000,15900000,16500000,17200000,18000000,18800000,19600000,20500000,21500000,22500000,23500000,24700000,25800000,27100000,28400000,29700000,31100000,32600000,34100000,35700000,37400000
"Congo, Rep.",322000,337000,353000,370000,389000,408000,428000,449000,471000,494000,519000,545000,573000,601000,632000,665000,699000,735000,772000,810000,851000,893000,937000,983000,1030000,1070000,1110000,1150000,1190000,1240000,1280000,1330000,1370000,1420000,1470000,1530000,1580000,1640000,1710000,1770000,1840000,1900000,1970000,2050000,2120000,2210000,2300000,2400000,2500000,2600000,2700000,2800000,2890000,2990000,3080000,3180000,3290000,3400000,3510000
Costa Rica,456000,474000,493000,514000,542000,570000,599000,628000,657000,687000,717000,748000,779000,810000,837000,866000,896000,927000,960000,994000,1030000,1070000,1110000,1140000,1190000,1240000,1300000,1360000,1430000,1490000,1560000,1630000,1700000,1780000,1860000,1930000,2010000,2100000,2180000,2260000,2340000,2440000,2530000,2630000,2720000,2810000,2910000,3000000,3100000,3190000,3280000,3380000,3470000,3560000,3640000,3730000,3810000,3890000,3970000
Cote d'Ivoire,619000,687000,762000,845000,937000,1040000,1100000,1180000,1260000,1340000,1440000,1540000,1660000,1780000,1920000,2070000,2260000,2460000,2680000,2810000,2960000,3110000,3270000,3430000,3590000,3760000,3930000,4100000,4280000,4480000,4690000,4910000,5140000,5370000,5610000,5850000,6100000,6350000,6600000,6850000,7100000,7340000,7580000,7810000,8050000,8300000,8560000,8830000,9110000,9410000,9720000,10000000,10400000,10700000,11100000,11500000,11900000,12300000,12700000
Croatia,1250000,1290000,1340000,1390000,1440000,1500000,1550000,1610000,1660000,1720000,1770000,1820000,1860000,1900000,1940000,1980000,2020000,2060000,2100000,2140000,2180000,2210000,2240000,2260000,2290000,2320000,2340000,2370000,2390000,2420000,2440000,2410000,2360000,2380000,2420000,2420000,2390000,2390000,2400000,2400000,2390000,2310000,2320000,2320000,2330000,2340000,2350000,2360000,2360000,2370000,2370000,2370000,2370000,2370000,2370000,2360000,2350000,2340000,2330000
Cuba,4170000,4270000,4380000,4490000,4610000,4720000,4830000,4940000,5040000,5140000,5250000,5410000,5580000,5750000,5910000,6070000,6210000,6350000,6470000,6590000,6710000,6820000,6900000,6980000,7070000,7160000,7270000,7400000,7530000,7660000,7770000,7860000,7930000,7980000,8030000,8090000,8140000,8200000,8260000,8320000,8380000,8440000,8490000,8530000,8550000,8570000,8580000,8590000,8590000,8590000,8600000,8620000,8640000,8670000,8690000,8710000,8720000,8730000,8730000
Cyprus,204000,209000,212000,215000,218000,222000,227000,232000,238000,244000,250000,256000,263000,272000,289000,307000,326000,345000,364000,383000,402000,419000,436000,443000,448000,455000,464000,474000,486000,498000,512000,526000,541000,555000,569000,582000,595000,609000,622000,635000,648000,660000,671000,681000,691000,702000,712000,723000,734000,743000,752000,758000,763000,768000,772000,777000,783000,788000,795000
Czech Republic,5720000,5760000,5830000,5900000,5990000,6060000,6140000,6210000,6270000,6330000,6350000,6420000,6560000,6710000,6870000,7030000,7190000,7340000,7490000,7630000,7750000,7770000,7780000,7790000,7790000,7790000,7790000,7790000,7800000,7800000,7770000,7750000,7740000,7740000,7730000,7710000,7690000,7660000,7640000,7620000,7590000,7550000,7530000,7520000,7510000,7520000,7530000,7570000,7620000,7660000,7670000,7680000,7690000,7710000,7720000,7750000,7770000,7810000,7840000
Denmark,3370000,3430000,3490000,3550000,3610000,3670000,3720000,3780000,3830000,3880000,3930000,3980000,4030000,4080000,4120000,4160000,4190000,4220000,4250000,4270000,4290000,4300000,4300000,4300000,4310000,4310000,4320000,4340000,4340000,4350000,4360000,4370000,4390000,4410000,4420000,4450000,4470000,4490000,4510000,4530000,4540000,4560000,4580000,4600000,4620000,4650000,4680000,4710000,4750000,4790000,4820000,4840000,4870000,4900000,4930000,4970000,5020000,5060000,5090000
Djibouti,42100,45500,49600,54100,59100,64500,70400,76700,83600,90900,98600,106000,115000,124000,136000,151000,169000,192000,216000,239000,259000,274000,285000,293000,303000,319000,341000,369000,400000,427000,448000,462000,468000,471000,475000,481000,491000,505000,520000,535000,549000,561000,572000,582000,592000,601000,610000,619000,628000,637000,647000,658000,670000,682000,695000,708000,720000,733000,746000
Dominica,22700,23100,23500,23900,24400,24800,25400,25900,26500,27000,27500,28200,28900,29500,30100,30800,31600,32500,33500,34400,35200,36000,37100,38200,39100,40000,40900,41800,42600,43500,44400,45400,45600,45800,46000,46100,46100,45900,45700,45500,45500,45500,45900,46300,46700,47000,47300,47600,47800,48000,48300,48500,48700,49000,49200,49500,49800,50200,50500
Dominican Republic,995000,1060000,1130000,1200000,1280000,1360000,1440000,1530000,1620000,1710000,1810000,1910000,2020000,2130000,2240000,2350000,2470000,2590000,2720000,2850000,2980000,3110000,3220000,3310000,3390000,3480000,3570000,3660000,3750000,3850000,3940000,4030000,4130000,4230000,4360000,4500000,4650000,4790000,4940000,5080000,5230000,5380000,5530000,5720000,5920000,6130000,6330000,6540000,6740000,6950000,7150000,7340000,7530000,7710000,7900000,8080000,8260000,8440000,8620000
Ecuador,1540000,1610000,1690000,1760000,1840000,1920000,2010000,2100000,2190000,2280000,2380000,2490000,2590000,2700000,2820000,2960000,3110000,3260000,3420000,3580000,3750000,3930000,4110000,4280000,4460000,4640000,4830000,5020000,5220000,5430000,5640000,5830000,6030000,6220000,6420000,6620000,6820000,7030000,7230000,7440000,7650000,7850000,8030000,8200000,8360000,8530000,8700000,8880000,9060000,9230000,9410000,9580000,9750000,9920000,10100000,10300000,10500000,10700000,10900000
Egypt,10100000,10500000,10900000,11300000,11700000,12100000,12500000,13000000,13400000,13900000,14300000,14800000,15200000,15700000,16200000,16700000,17200000,17700000,18100000,18500000,19000000,19500000,20000000,20500000,21100000,21600000,22200000,22800000,23400000,23900000,24400000,24900000,25400000,25800000,26200000,26700000,27100000,27700000,28300000,28900000,29500000,30100000,30700000,31300000,31900000,32500000,33100000,33700000,34300000,34900000,35600000,36300000,37100000,37900000,38700000,39600000,40400000,41200000,42000000
El Salvador,1060000,1100000,1130000,1170000,1210000,1250000,1290000,1330000,1370000,1410000,1450000,1490000,1550000,1610000,1670000,1730000,1790000,1850000,1910000,1970000,2020000,2080000,2140000,2190000,2250000,2300000,2360000,2420000,2480000,2540000,2600000,2660000,2730000,2820000,2930000,3040000,3140000,3250000,3350000,3410000,3470000,3520000,3580000,3630000,3680000,3730000,3780000,3830000,3900000,3980000,4050000,4120000,4190000,4260000,4340000,4410000,4480000,4550000,4620000
Equatorial Guinea,65200,67700,68800,70000,71500,73200,75400,77900,80200,81700,81900,80800,78600,75600,72600,70100,68200,66800,66400,67200,69700,73900,79900,86800,96200,105000,114000,122000,129000,137000,146000,155000,164000,175000,186000,201000,218000,235000,255000,275000,298000,321000,346000,373000,402000,433000,466000,502000,540000,580000,622000,666000,712000,749000,787000,825000,864000,904000,944000
Eritrea,98700,105000,111000,117000,124000,132000,139000,148000,154000,160000,166000,173000,180000,188000,195000,203000,212000,221000,230000,239000,249000,260000,271000,282000,295000,316000,338000,361000,384000,407000,427000,444000,458000,470000,483000,496000,512000,529000,549000,576000,609000,652000,703000,761000,820000,879000,935000,989000,1040000,1080000,1120000,1150000,,,,,,,
Estonia,697000,714000,733000,753000,774000,794000,813000,829000,846000,865000,883000,902000,919000,936000,951000,966000,980000,995000,1010000,1020000,1030000,1040000,1050000,1060000,1070000,1080000,1090000,1100000,1120000,1120000,1120000,1110000,1090000,1060000,1030000,1010000,992000,979000,967000,967000,969000,961000,953000,946000,938000,931000,924000,918000,914000,910000,907000,902000,899000,898000,897000,900000,902000,905000,911000
Ethiopia,1420000,1510000,1600000,1690000,1790000,1900000,2010000,2130000,2230000,2330000,2440000,2560000,2690000,2820000,2960000,3080000,3190000,3300000,3410000,3520000,3660000,3820000,4000000,4200000,4420000,4660000,4900000,5160000,5430000,5730000,6040000,6380000,6740000,7130000,7520000,7890000,8250000,8610000,8980000,9360000,9760000,10200000,10600000,11000000,11500000,12000000,12500000,13000000,13700000,14400000,15200000,16000000,16800000,17700000,18600000,19600000,20600000,21600000,22700000
Fiji,117000,123000,130000,137000,144000,151000,158000,164000,170000,175000,181000,187000,193000,199000,205000,212000,218000,223000,228000,234000,240000,247000,254000,262000,269000,274000,278000,284000,290000,296000,303000,312000,321000,332000,342000,353000,363000,370000,377000,383000,389000,393000,397000,401000,405000,410000,416000,424000,432000,441000,449000,455000,460000,465000,470000,475000,482000,489000,497000
Finland,2450000,2510000,2570000,2620000,2680000,2720000,2770000,2820000,2870000,2910000,2930000,2980000,3030000,3090000,3140000,3200000,3240000,3290000,3340000,3380000,3430000,3480000,3540000,3600000,3660000,3720000,3770000,3810000,3860000,3910000,3960000,4000000,4040000,4070000,4110000,4140000,4160000,4190000,4210000,4230000,4250000,4270000,4290000,4310000,4330000,4350000,4370000,4400000,4430000,4450000,4490000,4540000,4590000,4630000,4650000,4670000,4690000,4700000,4710000
France,28800000,29600000,30400000,31400000,32400000,33400000,34300000,35200000,35900000,36400000,36900000,37400000,37900000,38400000,38900000,39300000,39600000,39800000,40000000,40200000,40400000,40700000,40900000,41200000,41500000,41700000,42000000,42300000,42600000,42800000,43100000,43500000,43800000,44100000,44300000,44600000,44900000,45100000,45400000,45700000,46200000,46700000,47200000,47700000,48200000,48700000,49200000,49700000,50100000,50500000,51000000,51400000,51800000,52200000,52600000,53000000,53300000,53600000,53900000
Gabon,87200,92700,100000,108000,117000,127000,137000,149000,161000,175000,189000,205000,222000,239000,258000,278000,300000,322000,346000,371000,397000,424000,446000,468000,492000,516000,542000,568000,597000,626000,657000,688000,719000,752000,782000,812000,842000,873000,905000,936000,969000,1000000,1040000,1070000,1110000,1150000,1190000,1230000,1280000,1330000,1390000,1450000,1520000,1580000,1650000,1720000,1780000,1840000,1890000
Gambia,44300,45900,47600,49900,54200,58900,64100,69900,76200,83100,90500,98600,107000,116000,124000,132000,141000,150000,160000,170000,181000,192000,204000,217000,232000,250000,269000,292000,316000,341000,366000,391000,416000,441000,465000,489000,515000,542000,570000,600000,631000,663000,698000,733000,768000,803000,840000,877000,916000,956000,998000,1040000,1090000,1140000,1180000,1240000,1290000,1340000,1400000
Georgia,1570000,1610000,1660000,1700000,1740000,1790000,1830000,1860000,1900000,1940000,1980000,2020000,2060000,2100000,2130000,2170000,2210000,2240000,2280000,2310000,2350000,2380000,2420000,2450000,2490000,2530000,2570000,2600000,2640000,2660000,2640000,2650000,2660000,2670000,2620000,2510000,2410000,2320000,2250000,2200000,2150000,2100000,2090000,2090000,2090000,2090000,2100000,2100000,2110000,2100000,2100000,2100000,2100000,2110000,2120000,2140000,2160000,2170000,2180000
Germany,52000000,52600000,53100000,53700000,54100000,54700000,55200000,55500000,55800000,56300000,56500000,56600000,57000000,57200000,57300000,57100000,56900000,56800000,56800000,56900000,57000000,57200000,57300000,57100000,56800000,56500000,56400000,56700000,57000000,57500000,58100000,58600000,59100000,59600000,60000000,60400000,60700000,61000000,61200000,61400000,61600000,61900000,62200000,62400000,62500000,62700000,62800000,62800000,62900000,62900000,62900000,61900000,62100000,62200000,62500000,63100000,63600000,63900000,64100000
Ghana,1540000,1630000,1720000,1820000,1920000,2020000,2120000,2220000,2320000,2430000,2530000,2620000,2710000,2810000,2910000,3000000,3090000,3170000,3250000,3340000,3450000,3560000,3690000,3830000,4000000,4210000,4420000,4650000,4880000,5130000,5380000,5650000,5930000,6220000,6520000,6830000,7140000,7460000,7790000,8120000,8470000,8810000,9170000,9530000,9920000,10300000,10700000,11200000,11600000,12100000,12600000,13000000,13500000,14000000,14500000,15100000,15600000,16100000,16700000
Greece,4660000,4740000,4840000,4940000,5030000,5130000,5240000,5360000,5470000,5560000,5650000,5740000,5820000,5890000,5960000,6060000,6200000,6320000,6450000,6580000,6690000,6790000,6850000,6910000,6960000,7010000,7050000,7090000,7140000,7190000,7290000,7390000,7460000,7520000,7570000,7620000,7660000,7710000,7770000,7810000,7860000,7920000,7990000,8050000,8110000,8180000,8250000,8310000,8370000,8430000,8480000,8510000,8510000,8480000,8460000,8450000,8450000,8470000,8480000
Grenada,27300,27900,28400,28900,29300,29600,29900,30100,30200,30400,30400,30400,30400,30400,30300,30100,29800,29500,29200,29100,29300,29900,30800,31800,32600,33200,33300,33100,32700,32400,32200,32300,32800,33400,34000,34600,35100,35500,35900,36300,36700,37100,37200,37300,37500,37600,37700,37700,37800,37900,38100,38300,38500,38800,39100,39500,39800,40100,40400
Guatemala,1310000,1380000,1450000,1520000,1590000,1660000,1720000,1790000,1850000,1930000,2000000,2070000,2150000,2230000,2310000,2390000,2470000,2550000,2640000,2730000,2820000,2920000,3010000,3120000,3220000,3320000,3430000,3540000,3650000,3770000,3890000,4010000,4140000,4270000,4410000,4540000,4680000,4830000,4970000,5120000,5280000,5450000,5620000,5790000,5970000,6140000,6320000,6510000,6700000,6890000,7080000,7280000,7480000,7690000,7900000,8120000,8340000,8570000,8810000
Guinea,366000,388000,412000,438000,465000,493000,524000,556000,591000,626000,664000,703000,743000,786000,830000,876000,925000,976000,1030000,1090000,1150000,1220000,1290000,1350000,1400000,1460000,1510000,1580000,1640000,1710000,1780000,1850000,1920000,1990000,2070000,2140000,2220000,2300000,2380000,2460000,2540000,2620000,2700000,2770000,2850000,2940000,3030000,3120000,3220000,3330000,3430000,3540000,3650000,3760000,3880000,4020000,4160000,4320000,4490000
Guinea-Bissau,83800,85600,87400,89200,91100,93200,95600,98100,101000,104000,107000,110000,113000,117000,120000,122000,124000,126000,127000,130000,139000,150000,162000,176000,191000,207000,223000,241000,260000,280000,301000,323000,339000,351000,363000,374000,386000,398000,410000,422000,435000,449000,464000,480000,496000,513000,531000,550000,569000,589000,611000,633000,657000,681000,706000,732000,758000,785000,813000
Guyana,166000,171000,176000,181000,186000,190000,194000,198000,201000,204000,207000,211000,214000,217000,220000,224000,227000,230000,233000,236000,238000,238000,237000,235000,234000,231000,229000,226000,223000,221000,220000,220000,220000,221000,222000,222000,221000,220000,218000,216000,214000,213000,212000,211000,209000,208000,206000,204000,202000,201000,200000,199000,199000,200000,202000,203000,204000,206000,207000
Haiti,603000,630000,658000,687000,717000,749000,781000,816000,851000,887000,924000,962000,983000,1000000,1020000,1040000,1060000,1080000,1110000,1130000,1160000,1190000,1220000,1290000,1380000,1470000,1570000,1670000,1780000,1890000,2010000,2130000,2250000,2340000,2430000,2520000,2620000,2710000,2810000,2910000,3010000,3210000,3410000,3620000,3770000,3920000,4070000,4230000,4390000,4560000,4730000,4900000,5070000,5250000,5430000,5610000,5790000,5970000,6150000
Honduras,464000,489000,515000,543000,572000,603000,636000,670000,707000,745000,785000,827000,872000,918000,966000,1010000,1060000,1110000,1170000,1220000,1280000,1340000,1410000,1470000,1540000,1620000,1690000,1770000,1850000,1920000,2000000,2090000,2170000,2260000,2360000,2450000,2550000,2660000,2760000,2880000,2990000,3100000,3230000,3360000,3490000,3620000,3760000,3900000,4040000,4180000,4320000,4460000,4600000,4740000,4880000,5030000,5170000,5320000,5470000
Hungary,5580000,5650000,5710000,5770000,5830000,5890000,5950000,6010000,6080000,6150000,6210000,6280000,6340000,6400000,6480000,6560000,6640000,6720000,6780000,6840000,6880000,6900000,6910000,6920000,6930000,6930000,6940000,6950000,6950000,6900000,6830000,6820000,6800000,6780000,6760000,6740000,6710000,6680000,6660000,6620000,6590000,6590000,6610000,6630000,6660000,6690000,6740000,6780000,6820000,6860000,6890000,6920000,6910000,6920000,6930000,6940000,6950000,6960000,6970000
Iceland,141000,145000,148000,152000,155000,159000,163000,166000,169000,172000,174000,176000,179000,183000,186000,189000,192000,194000,196000,199000,201000,204000,208000,211000,214000,216000,218000,221000,226000,229000,231000,234000,238000,241000,243000,245000,247000,249000,252000,256000,260000,264000,266000,269000,271000,276000,283000,291000,296000,298000,298000,299000,300000,303000,307000,310000,314000,322000,331000
India,80800000,82900000,85500000,88100000,90900000,93800000,96700000,99800000,103000000,106000000,110000000,114000000,118000000,123000000,128000000,133000000,138000000,144000000,149000000,155000000,161000000,168000000,173000000,179000000,185000000,191000000,197000000,203000000,210000000,216000000,223000000,230000000,236000000,243000000,250000000,256000000,263000000,271000000,278000000,285000000,292000000,300000000,309000000,318000000,326000000,336000000,345000000,354000000,363000000,372000000,382000000,391000000,400000000,410000000,420000000,429000000,439000000,450000000,460000000
Indonesia,12800000,13400000,13900000,14500000,15200000,15800000,16500000,17200000,18000000,18800000,19600000,20400000,21500000,22700000,23900000,25200000,26600000,28000000,29500000,31000000,32600000,34400000,36500000,38600000,40800000,43000000,45400000,47800000,50300000,52800000,55500000,58400000,61400000,64500000,67700000,71000000,74400000,77900000,81500000,85100000,88800000,91700000,94700000,97700000,101000000,104000000,107000000,110000000,114000000,117000000,121000000,124000000,127000000,131000000,134000000,138000000,141000000,145000000,148000000
Iran,7390000,7730000,8090000,8460000,8850000,9250000,9670000,10100000,10700000,11200000,11800000,12300000,12900000,13600000,14300000,15000000,15700000,16500000,17300000,18200000,19200000,20300000,21400000,22700000,23900000,25300000,26700000,28000000,29300000,30600000,31800000,32800000,33900000,34900000,36000000,37000000,38100000,39100000,40000000,41000000,42000000,43000000,44100000,45100000,46100000,47100000,48100000,49100000,50100000,51100000,52100000,53100000,54200000,55300000,56400000,57600000,58800000,60000000,61300000
Iraq,3130000,3320000,3530000,3750000,3990000,4240000,4490000,4740000,5000000,5280000,5570000,5870000,6180000,6500000,6830000,7170000,7530000,7900000,8250000,8600000,8950000,9290000,9650000,10000000,10300000,10700000,11000000,11400000,11600000,11900000,12100000,12400000,12800000,13100000,13500000,13900000,14300000,14700000,15100000,15600000,16100000,16600000,17100000,17600000,18100000,18500000,18900000,19200000,19600000,20000000,20600000,21300000,22100000,23100000,24000000,24900000,25700000,26400000,27100000
Ireland,1280000,1280000,1290000,1310000,1320000,1330000,1350000,1390000,1430000,1470000,1520000,1560000,1600000,1630000,1670000,1710000,1750000,1780000,1820000,1860000,1890000,1920000,1940000,1960000,1980000,1990000,2000000,2000000,2000000,1990000,2000000,2020000,2040000,2060000,2070000,2090000,2120000,2150000,2180000,2210000,2250000,2300000,2350000,2390000,2450000,2520000,2600000,2680000,2740000,2780000,2810000,2830000,2850000,2870000,2900000,2940000,2980000,3030000,3070000
Israel,1620000,1700000,1810000,1890000,1990000,2070000,2150000,2260000,2330000,2400000,2500000,2600000,2690000,2810000,2910000,2990000,3080000,3160000,3240000,3340000,3440000,3520000,3600000,3680000,3730000,3800000,3870000,3930000,4000000,4080000,4210000,4480000,4640000,4770000,4900000,5040000,5180000,5310000,5440000,5580000,5740000,5880000,6000000,6110000,6230000,6340000,6460000,6580000,6700000,6870000,7000000,7140000,7270000,7420000,7570000,7720000,7880000,8050000,8210000
Italy,29800000,30200000,30700000,31200000,31700000,32200000,32700000,33200000,33700000,34200000,34600000,35000000,35400000,35700000,36100000,36400000,36700000,37000000,37200000,37400000,37600000,37800000,37800000,37800000,37800000,37800000,37800000,37800000,37800000,37800000,37800000,37900000,37900000,38000000,38000000,38000000,38100000,38100000,38200000,38200000,38300000,38300000,38400000,38700000,39000000,39300000,39500000,39700000,40100000,40300000,40500000,40600000,40900000,41500000,42100000,42200000,42400000,42500000,42600000
Jamaica,550000,570000,591000,613000,636000,659000,681000,704000,727000,751000,775000,797000,820000,844000,869000,893000,916000,938000,961000,985000,1010000,1040000,1070000,1090000,1110000,1130000,1150000,1160000,1170000,1180000,1200000,1210000,1230000,1250000,1260000,1280000,1300000,1320000,1340000,1360000,1380000,1390000,1410000,1420000,1430000,1450000,1460000,1470000,1480000,1500000,1510000,1520000,1540000,1550000,1570000,1590000,1600000,1620000,1630000
Japan,58500000,61000000,62400000,64000000,65500000,67100000,68600000,70000000,71100000,73400000,75000000,76800000,78700000,80200000,82600000,84800000,85600000,86500000,87400000,88200000,89000000,89700000,90500000,91200000,91900000,92600000,93300000,94000000,94500000,95100000,95500000,96000000,96400000,96800000,97300000,97900000,98300000,98700000,99100000,99400000,99800000,102000000,104000000,106000000,108000000,110000000,111000000,113000000,114000000,115000000,116000000,116000000,116000000,116000000,116000000,116000000,116000000,116000000,116000000
Jordan,475000,510000,538000,563000,594000,637000,692000,758000,830000,900000,963000,1020000,1070000,1110000,1150000,1190000,1230000,1270000,1310000,1360000,1430000,1520000,1610000,1720000,1830000,1940000,2060000,2180000,2310000,2450000,2610000,2800000,3010000,3220000,3430000,3590000,3700000,3790000,3870000,3940000,4010000,4080000,4160000,4260000,4370000,4580000,4850000,5150000,5490000,5850000,6250000,6680000,7130000,7590000,8030000,8360000,8640000,8870000,9060000
Kazakhstan,4390000,4630000,4870000,5110000,5340000,5570000,5790000,5990000,6180000,6370000,6550000,6720000,6900000,7080000,7250000,7390000,7510000,7620000,7740000,7860000,8010000,8160000,8320000,8490000,8660000,8770000,8900000,9020000,9130000,9160000,9200000,9240000,9220000,9140000,9000000,8840000,8710000,8580000,8440000,8360000,8350000,8350000,8360000,8400000,8470000,8550000,8650000,8770000,8880000,9130000,9280000,9420000,9570000,9720000,9870000,10000000,10200000,10300000,10500000
Kenya,598000,634000,672000,718000,767000,820000,877000,938000,1000000,1070000,1160000,1260000,1370000,1490000,1610000,1750000,1900000,2070000,2240000,2430000,2560000,2680000,2800000,2930000,3060000,3200000,3340000,3480000,3630000,3780000,3970000,4180000,4390000,4610000,4840000,5070000,5310000,5560000,5810000,6080000,6360000,6650000,6950000,7260000,7590000,7940000,8300000,8680000,9070000,9480000,9910000,10300000,10800000,11300000,11800000,12300000,12800000,13300000,13900000
Kiribati,6710,7140,7600,8080,8590,9110,9650,10200,10800,11500,12300,13200,14100,15000,15700,16300,16900,17600,18200,18700,19100,19600,20000,20400,20900,21500,22200,22900,23800,24600,25300,26000,26600,27100,27700,28300,29500,31100,32700,34500,36300,37300,38000,38700,39400,40200,41500,43300,45100,47000,48800,50500,52200,53900,55500,57300,59000,60800,62600
Kuwait,201000,228000,259000,294000,332000,374000,422000,474000,528000,583000,638000,690000,743000,796000,852000,913000,985000,1060000,1140000,1220000,1300000,1380000,1450000,1530000,1610000,1700000,1790000,1900000,1990000,2050000,2050000,1990000,,,,1580000,1600000,1690000,1810000,1930000,2020000,2100000,2140000,2160000,2200000,2270000,2370000,2500000,2660000,2820000,2990000,3170000,3350000,3530000,3690000,3840000,3960000,4060000,4140000
Kyrgyz Republic,743000,779000,813000,849000,886000,923000,961000,1000000,1040000,1080000,1110000,1140000,1170000,1200000,1230000,1260000,1290000,1320000,1350000,1370000,1400000,1420000,1450000,1480000,1500000,1530000,1560000,1590000,1610000,1640000,1660000,1670000,1680000,1670000,1650000,1660000,1670000,1680000,1690000,1710000,1730000,1750000,1760000,1780000,1800000,1820000,1840000,1860000,1880000,1900000,1920000,1950000,1990000,2030000,2080000,2130000,2190000,2240000,2300000
Lao,169000,174000,180000,186000,192000,198000,205000,217000,230000,244000,259000,275000,292000,309000,324000,338000,351000,363000,375000,388000,403000,420000,440000,461000,484000,509000,536000,564000,594000,625000,657000,691000,726000,762000,798000,842000,903000,966000,1030000,1100000,1170000,1240000,1320000,1400000,1490000,1560000,1620000,1680000,1750000,1810000,1880000,1950000,2010000,2080000,2160000,2230000,2310000,2390000,2470000
Latvia,1120000,1160000,1190000,1220000,1260000,1290000,1320000,1340000,1380000,1400000,1430000,1460000,1490000,1520000,1550000,1580000,1600000,1630000,1650000,1670000,1690000,1700000,1710000,1730000,1750000,1770000,1790000,1810000,1830000,1850000,1840000,1830000,1800000,1760000,1740000,1710000,1690000,1670000,1650000,1630000,1610000,1590000,1570000,1550000,1540000,1520000,1510000,1490000,1480000,1450000,1420000,1400000,1380000,1370000,1350000,1340000,1330000,1320000,1310000
Lebanon,764000,821000,881000,942000,1000000,1070000,1130000,1180000,1240000,1300000,1370000,1440000,1510000,1590000,1660000,1730000,1780000,1810000,1850000,1880000,1910000,1940000,1980000,2030000,2070000,2110000,2140000,2170000,2210000,2260000,2330000,2440000,2580000,2730000,2880000,2990000,3070000,3130000,3170000,3220000,3300000,3440000,3610000,3790000,3950000,4070000,4130000,4140000,4150000,4200000,4330000,4550000,4850000,5190000,5510000,5760000,5920000,6020000,6070000
Lesotho,29400,33800,38800,44600,51200,58700,66500,71400,76700,82400,88600,95100,102000,109000,117000,126000,134000,138000,143000,148000,153000,159000,164000,169000,174000,179000,186000,198000,210000,224000,238000,253000,269000,286000,304000,322000,340000,355000,370000,385000,397000,409000,418000,427000,435000,444000,454000,463000,473000,483000,495000,507000,518000,529000,542000,554000,567000,580000,594000
Liberia,208000,220000,233000,246000,260000,275000,291000,308000,326000,344000,365000,386000,409000,433000,459000,486000,515000,546000,578000,613000,652000,694000,740000,786000,841000,909000,970000,1020000,1070000,1110000,1150000,1180000,1100000,1030000,973000,940000,928000,1010000,1100000,1190000,1260000,1320000,1360000,1400000,1430000,1480000,1540000,1620000,1700000,1780000,1860000,1940000,2010000,2080000,2150000,2230000,2310000,2380000,2460000
Libya,396000,422000,451000,482000,516000,584000,662000,749000,844000,947000,1060000,1180000,1310000,1450000,1550000,1660000,1770000,1890000,2000000,2130000,2260000,2390000,2530000,2680000,2820000,2920000,3020000,3110000,3190000,3280000,3360000,3440000,3530000,3610000,3690000,3760000,3830000,3900000,3960000,4020000,4090000,4160000,4240000,4310000,4390000,4470000,4550000,4630000,4700000,4770000,4840000,4890000,4940000,4980000,5030000,5090000,5160000,5250000,5350000
Lithuania,1100000,1140000,1190000,1230000,1280000,1320000,1370000,1420000,1460000,1510000,1560000,1610000,1670000,1730000,1780000,1840000,1890000,1950000,2010000,2050000,2090000,2130000,2170000,2210000,2260000,2310000,2350000,2410000,2460000,2490000,2500000,2500000,2500000,2480000,2460000,2440000,2420000,2400000,2380000,2360000,2340000,2320000,2300000,2280000,2250000,2210000,2180000,2160000,2140000,2110000,2070000,2020000,2000000,1980000,1970000,1950000,1930000,1910000,1900000
Luxembourg,218000,222000,226000,230000,234000,239000,242000,244000,247000,249000,252000,257000,262000,267000,272000,277000,281000,283000,286000,289000,291000,294000,294000,295000,295000,296000,297000,299000,302000,305000,309000,314000,320000,325000,332000,339000,343000,347000,352000,359000,367000,375000,381000,387000,395000,403000,411000,420000,429000,439000,449000,461000,474000,487000,500000,514000,526000,541000,553000
Madagascar,543000,573000,605000,640000,676000,714000,754000,794000,836000,880000,927000,982000,1040000,1100000,1170000,1230000,1300000,1370000,1450000,1530000,1610000,1700000,1800000,1900000,2000000,2110000,2220000,2340000,2460000,2590000,2730000,2880000,3040000,3200000,3340000,3480000,3620000,3780000,3940000,4100000,4280000,4450000,4640000,4830000,5020000,5280000,5560000,5840000,6130000,6440000,6760000,7080000,7430000,7780000,8150000,8530000,8930000,9340000,9770000
Malawi,161000,168000,176000,185000,194000,203000,213000,228000,246000,265000,285000,306000,330000,355000,382000,412000,444000,480000,509000,537000,566000,594000,623000,654000,692000,739000,797000,866000,944000,1020000,1090000,1140000,1180000,1220000,1260000,1310000,1370000,1440000,1520000,1580000,1630000,1680000,1730000,1790000,1840000,1900000,1960000,2030000,2100000,2180000,2260000,2340000,2430000,2530000,2630000,2730000,2840000,2950000,3070000
Malaysia,2170000,2290000,2420000,2560000,2710000,2850000,3000000,3140000,3300000,3450000,3610000,3790000,3980000,4170000,4370000,4580000,4800000,5040000,5280000,5540000,5800000,6050000,6310000,6570000,6850000,7160000,7490000,7840000,8210000,8590000,8980000,9370000,9850000,10300000,10900000,11400000,12000000,12600000,13200000,13800000,14400000,14900000,15500000,16000000,16500000,17100000,17700000,18300000,18900000,19400000,20000000,20500000,21000000,21500000,22000000,22500000,23000000,23500000,24000000
Maldives,10000,10400,10700,11100,11400,11800,12000,12200,12700,13200,13800,15300,17100,19100,21200,23600,26100,28900,31200,33100,35200,37500,40000,42800,45600,48300,50200,52100,54000,55900,57700,59200,60800,62200,63600,65200,67400,69600,71800,74200,77400,82600,88400,94600,101000,108000,114000,118000,122000,127000,133000,140000,148000,157000,166000,175000,185000,195000,205000
Mali,582000,605000,628000,651000,676000,702000,729000,757000,787000,819000,852000,888000,927000,967000,1010000,1050000,1100000,1150000,1200000,1250000,1310000,1370000,1440000,1510000,1580000,1650000,1710000,1780000,1840000,1900000,1970000,2050000,2140000,2240000,2340000,2450000,2560000,2670000,2790000,2940000,3100000,3280000,3460000,3660000,3870000,4100000,4330000,4590000,4860000,5130000,5420000,5710000,6010000,6320000,6640000,6970000,7330000,7700000,8080000
Malta,294000,293000,292000,290000,289000,286000,283000,279000,276000,273000,271000,272000,271000,271000,271000,273000,274000,276000,278000,281000,284000,286000,293000,297000,297000,302000,308000,310000,313000,317000,320000,329000,333000,337000,340000,343000,346000,350000,354000,357000,360000,364000,368000,371000,375000,378000,380000,382000,385000,388000,390000,392000,396000,402000,410000,420000,430000,442000,459000
Marshall Islands,5220,5560,5960,6410,6890,7370,7870,8390,9150,9980,10900,12000,13100,14300,15000,15500,16000,16400,16800,17300,17800,18800,19900,21100,22400,23700,25200,26800,28300,29700,30800,31700,32400,32900,33300,33700,33900,34000,34100,34300,34800,35500,36500,37500,38500,39300,39900,40400,40800,41100,41500,41900,42300,42700,43100,43500,44000,44500,45000
Mauritania,58500,65100,72400,80500,89500,99500,110000,123000,136000,151000,167000,185000,204000,225000,249000,274000,301000,329000,358000,389000,422000,457000,495000,535000,578000,623000,670000,720000,764000,782000,800000,818000,837000,856000,876000,895000,916000,936000,957000,979000,1000000,1040000,1100000,1150000,1210000,1270000,1340000,1410000,1480000,1550000,1630000,1710000,1790000,1880000,1970000,2070000,2160000,2260000,2360000
Mauritius,232000,244000,256000,268000,280000,292000,304000,316000,328000,340000,352000,364000,376000,379000,383000,388000,392000,396000,399000,404000,409000,413000,416000,418000,425000,432000,438000,445000,451000,458000,465000,469000,473000,478000,483000,486000,489000,494000,498000,503000,506000,509000,511000,514000,516000,517000,518000,519000,520000,520000,520000,519000,519000,519000,518000,518000,517000,516000,516000
Mexico,19200000,20100000,21100000,22100000,23100000,24200000,25400000,26600000,27800000,29100000,30400000,31700000,33100000,34500000,36000000,37400000,38900000,40400000,41900000,43400000,45000000,46400000,47900000,49400000,50900000,52400000,53900000,55400000,56900000,58400000,60000000,61400000,62900000,64300000,65800000,67300000,68600000,69900000,71300000,72600000,73900000,75300000,76600000,78000000,79400000,80900000,82400000,84000000,85600000,87200000,88800000,90400000,91900000,93500000,95100000,96600000,98100000,99700000,101000000
"Micronesia, Fed. Sts.",9930,10400,10800,11300,11800,12300,12900,13500,14200,14800,15200,15600,15800,15900,16100,16300,16700,17200,17900,18600,19300,19900,20600,21200,21800,22400,22900,23400,23900,24300,24900,25400,26000,26600,27100,27000,26500,25900,25200,24500,24000,23900,23900,23900,23800,23700,23500,23300,23100,23000,22900,23100,23300,23700,24100,24500,24800,25200,25600
Moldova,479000,507000,536000,565000,595000,626000,657000,688000,720000,752000,784000,815000,848000,880000,914000,946000,978000,1010000,1040000,1070000,1100000,1130000,1170000,1200000,1230000,1270000,1300000,1330000,1370000,1390000,1390000,1390000,1390000,1380000,1380000,1370000,1360000,1340000,1330000,1320000,1300000,1290000,1270000,1260000,1240000,1240000,1230000,1230000,1220000,1220000,1220000,1220000,1220000,1220000,1210000,1200000,1190000,1170000,1150000
Monaco,22500,22800,23000,23200,23200,23300,23300,23300,23300,23300,23500,23700,24100,24400,24800,25200,25500,25800,26100,26400,26700,27200,27600,28100,28500,28800,29000,29200,29200,29300,29400,29600,29900,30100,30400,30700,31000,31300,31600,31800,32100,32500,32800,33200,33500,33800,34200,34500,34900,35200,35600,36000,36500,36900,37300,37700,38100,38400,38700
Mongolia,341000,370000,402000,428000,447000,466000,486000,507000,528000,551000,576000,603000,631000,660000,689000,720000,751000,783000,815000,848000,880000,913000,947000,982000,1020000,1060000,1100000,1140000,1190000,1220000,1250000,1260000,1280000,1290000,1300000,1310000,1310000,1320000,1330000,1350000,1370000,1410000,1450000,1490000,1530000,1580000,1630000,1670000,1730000,1780000,1840000,1880000,1920000,1960000,2000000,2050000,2090000,2130000,2170000
Montenegro,90300,95800,102000,108000,114000,119000,123000,127000,130000,133000,138000,143000,150000,157000,165000,173000,180000,188000,195000,203000,211000,220000,229000,238000,248000,256000,264000,271000,278000,284000,291000,298000,306000,313000,320000,326000,332000,338000,343000,349000,354000,362000,369000,377000,381000,384000,386000,389000,392000,395000,397000,400000,402000,405000,407000,409000,412000,414000,416000
Morocco,3620000,3790000,3970000,4160000,4340000,4530000,4730000,4920000,5120000,5310000,5520000,5720000,5960000,6200000,6450000,6710000,6990000,7280000,7590000,7900000,8240000,8590000,8950000,9320000,9700000,10100000,10500000,10800000,11200000,11600000,12000000,12400000,12800000,13200000,13600000,14000000,14200000,14500000,14800000,15100000,15400000,15600000,15900000,16200000,16500000,16800000,17200000,17600000,17900000,18300000,18800000,19200000,19700000,20100000,20600000,21100000,21600000,22000000,22500000
Mozambique,493000,518000,544000,572000,601000,632000,664000,698000,734000,772000,811000,858000,914000,972000,1040000,1100000,1180000,1260000,1350000,1440000,1530000,1670000,1830000,2000000,2170000,2340000,2500000,2660000,2830000,3020000,3250000,3400000,3590000,3810000,4030000,4260000,4470000,4680000,4830000,4990000,5150000,5330000,5530000,5730000,5940000,6150000,6360000,6580000,6870000,7170000,7490000,7820000,8170000,8530000,8910000,9300000,9720000,10200000,10600000
Myanmar,4180000,4350000,4520000,4700000,4890000,5090000,5300000,5510000,5740000,5980000,6230000,6480000,6740000,6990000,7150000,7320000,7490000,7670000,7840000,8020000,8200000,8390000,8570000,8770000,9020000,9260000,9500000,9740000,9980000,10200000,10400000,10600000,10900000,11100000,11300000,11500000,11700000,11900000,12200000,12400000,12600000,12800000,13100000,13300000,13500000,13700000,13900000,14100000,14200000,14400000,14600000,14800000,15000000,15300000,15500000,15700000,16000000,16200000,16400000
Namibia,114000,119000,125000,131000,137000,144000,150000,158000,165000,174000,182000,190000,198000,207000,216000,224000,232000,240000,248000,257000,265000,274000,283000,293000,304000,316000,330000,346000,363000,380000,396000,412000,430000,448000,467000,485000,504000,523000,543000,562000,581000,600000,625000,652000,680000,710000,741000,774000,809000,845000,882000,920000,959000,1000000,1040000,1090000,1130000,1180000,1220000
Nauru,4380,4630,4940,5280,5590,5860,6070,6220,6340,6440,6550,6680,6800,6930,7060,7180,7290,7400,7500,7620,7740,7880,8020,8170,8330,8500,8680,8870,9060,9280,9510,9760,10000,10300,10500,10600,10700,10600,10600,10400,10300,10200,10100,9990,9900,9850,9830,9840,9890,9940,10000,10100,10300,10800,11900,12500,13000,12900,12700
Nepal,352000,367000,377000,387000,398000,410000,422000,435000,449000,463000,478000,494000,528000,565000,605000,648000,694000,744000,797000,854000,915000,980000,1040000,1110000,1170000,1250000,1320000,1400000,1480000,1580000,1670000,1780000,1910000,2050000,2200000,2350000,2510000,2670000,2840000,3020000,3210000,3400000,3520000,3650000,3770000,3900000,4030000,4160000,4290000,4420000,4530000,4630000,4710000,4800000,4890000,5010000,5160000,5340000,5540000
Netherlands,6860000,6990000,7110000,7230000,7350000,7470000,7590000,7700000,7800000,7920000,8040000,8170000,8290000,8410000,8520000,8630000,8750000,8840000,8940000,9050000,9160000,9280000,9380000,9470000,9570000,9670000,9780000,9900000,10000000,10100000,10300000,10400000,10700000,10900000,11100000,11300000,11400000,11600000,11800000,12000000,12200000,12500000,12800000,13000000,13300000,13500000,13700000,13800000,14000000,14300000,14500000,14700000,14800000,15000000,15100000,15300000,15400000,15600000,15800000
New Zealand,1800000,1850000,1910000,1970000,2020000,2070000,2130000,2180000,2210000,2240000,2280000,2320000,2380000,2430000,2490000,2550000,2580000,2590000,2600000,2590000,2600000,2610000,2640000,2670000,2700000,2720000,2720000,2750000,2770000,2790000,2820000,2970000,3010000,3050000,3090000,3140000,3200000,3240000,3280000,3300000,3320000,3340000,3400000,3470000,3530000,3570000,3620000,3650000,3680000,3710000,3750000,3770000,3800000,3830000,3890000,3970000,4050000,4150000,4190000
Nicaragua,702000,732000,764000,798000,840000,883000,929000,976000,1030000,1080000,1130000,1190000,1230000,1280000,1320000,1370000,1420000,1480000,1530000,1590000,1640000,1700000,1760000,1810000,1870000,1930000,1990000,2040000,2100000,2160000,2220000,2280000,2340000,2410000,2470000,2530000,2590000,2640000,2700000,2750000,2800000,2850000,2900000,2940000,2990000,3040000,3090000,3150000,3200000,3260000,3310000,3370000,3430000,3490000,3540000,3600000,3660000,3720000,3780000
Niger,196000,206000,215000,231000,248000,267000,286000,311000,337000,366000,397000,430000,466000,505000,547000,592000,641000,695000,736000,770000,805000,842000,880000,920000,962000,1010000,1050000,1100000,1150000,1190000,1230000,1280000,1330000,1380000,1440000,1500000,1560000,1620000,1690000,1760000,1830000,1910000,1980000,2060000,2130000,2210000,2300000,2380000,2480000,2570000,2670000,2780000,2880000,3000000,3120000,3250000,3390000,3530000,3690000
Nigeria,6960000,7200000,7460000,7730000,8010000,8300000,8600000,8910000,9240000,9580000,9940000,10400000,10900000,11400000,11900000,12500000,13200000,13900000,14600000,15400000,16100000,17100000,18100000,19200000,20300000,21400000,22700000,24000000,25300000,26800000,28300000,29500000,30700000,32000000,33400000,34800000,36200000,37700000,39300000,40900000,42600000,44700000,46900000,49300000,51700000,54300000,56900000,59700000,62700000,65700000,68900000,72200000,75700000,79200000,82900000,86700000,90500000,94500000,98600000
North Korea,4590000,4800000,5000000,5200000,5420000,5660000,5930000,6230000,6670000,7230000,7810000,8100000,8400000,8690000,8970000,9230000,9390000,9540000,9670000,9800000,9940000,10100000,10300000,10500000,10700000,10900000,11100000,11300000,11400000,11600000,11800000,12100000,12300000,12500000,12700000,12900000,13100000,13200000,13400000,13500000,13600000,13800000,13900000,14000000,14200000,14300000,14400000,14500000,14600000,14700000,14800000,14900000,15100000,15200000,15300000,15400000,15600000,15700000,15800000
North Macedonia,506000,531000,557000,584000,613000,643000,674000,708000,742000,776000,810000,839000,857000,874000,892000,912000,934000,958000,982000,1010000,1030000,1050000,1060000,1080000,1090000,1100000,1120000,1130000,1140000,1150000,1150000,1160000,1170000,1180000,1180000,1180000,1180000,1180000,1190000,1190000,1190000,1190000,1190000,1190000,1190000,1190000,1180000,1180000,1180000,1180000,1180000,1180000,1180000,1190000,1190000,1190000,1200000,1200000,1210000
Norway,1790000,1840000,1920000,1990000,2070000,2140000,2220000,2300000,2380000,2460000,2530000,2580000,2620000,2660000,2700000,2730000,2760000,2800000,2830000,2850000,2880000,2900000,2920000,2930000,2950000,2960000,2980000,3000000,3020000,3040000,3050000,3080000,3110000,3150000,3190000,3220000,3240000,3280000,3320000,3370000,3410000,3450000,3480000,3520000,3550000,3590000,3630000,3680000,3740000,3810000,3870000,3940000,4010000,4080000,4150000,4210000,4270000,4320000,4370000
Oman,90500,98700,108000,117000,128000,140000,152000,166000,181000,197000,215000,234000,256000,280000,307000,337000,371000,410000,452000,498000,549000,604000,663000,725000,790000,855000,920000,985000,1050000,1120000,1200000,1280000,1380000,1470000,1540000,1580000,1600000,1610000,1610000,1610000,1620000,1640000,1670000,1710000,1760000,1820000,1880000,1950000,2040000,2150000,2290000,2480000,2710000,2970000,3230000,3470000,3700000,3900000,4080000
Pakistan,9940000,10400000,10700000,11100000,11500000,12000000,12400000,12900000,13400000,13900000,14400000,15000000,15600000,16200000,16900000,17600000,18400000,19200000,20000000,20900000,21900000,22900000,23900000,24900000,26000000,27100000,28200000,29300000,30500000,31700000,32900000,34100000,35400000,36700000,38000000,39400000,40900000,42400000,43900000,45400000,46900000,48400000,49900000,51400000,52900000,54500000,56100000,57700000,59400000,61100000,62800000,64500000,66300000,68100000,70000000,71800000,73800000,75800000,77800000
Palau,5550,5740,5920,6100,6260,6410,6550,6670,6780,6900,7050,7230,7440,7650,7810,7890,7890,7800,7690,7610,7620,7790,8060,8400,8760,9120,9430,9680,9920,10200,10500,10800,11200,11500,11900,12300,12500,12800,13000,13300,13400,13600,13700,13800,14000,14100,14100,13900,13700,13600,13400,13400,13400,13500,13700,13800,14000,14100,14300
Palestine,,,,,,,,,,,,,,,,,,,,,,,,,,,,,,,1340000,1410000,1490000,1570000,1650000,1740000,1830000,1930000,1990000,2040000,2100000,2160000,2230000,2290000,2360000,2430000,2500000,2570000,2650000,2730000,2810000,2890000,2970000,3050000,3130000,3220000,3300000,3380000,3480000
Panama,467000,488000,511000,534000,559000,584000,610000,637000,665000,695000,724000,749000,775000,801000,828000,856000,883000,912000,940000,969000,998000,1030000,1060000,1090000,1120000,1160000,1190000,1220000,1260000,1290000,1330000,1380000,1430000,1480000,1540000,1590000,1650000,1710000,1770000,1830000,1880000,1930000,1980000,2020000,2070000,2120000,2170000,2220000,2270000,2320000,2370000,2430000,2480000,2530000,2590000,2650000,2710000,2770000,2830000
Papua New Guinea,84000,92400,102000,112000,123000,136000,150000,174000,203000,235000,273000,316000,330000,344000,359000,375000,391000,408000,427000,446000,466000,486000,506000,527000,549000,571000,594000,618000,642000,667000,692000,700000,707000,715000,722000,730000,739000,747000,756000,765000,772000,788000,803000,818000,834000,851000,870000,890000,911000,931000,952000,971000,991000,1010000,1030000,1050000,1080000,1110000,1130000
Paraguay,677000,697000,718000,740000,763000,787000,812000,838000,864000,891000,917000,944000,971000,1010000,1050000,1090000,1130000,1180000,1220000,1270000,1330000,1380000,1440000,1510000,1580000,1650000,1730000,1810000,1890000,1970000,2060000,2140000,2230000,2320000,2400000,2490000,2580000,2670000,2760000,2850000,2950000,3040000,3130000,3210000,3280000,3360000,3430000,3500000,3560000,3630000,3700000,3770000,3850000,3920000,3990000,4060000,4140000,4210000,4280000
Peru,4750000,4950000,5210000,5490000,5780000,6070000,6380000,6700000,7030000,7370000,7730000,8090000,8470000,8800000,9130000,9480000,9830000,10200000,10600000,10900000,11300000,11700000,12100000,12500000,12800000,13200000,13600000,14000000,14400000,14800000,15200000,15600000,16000000,16400000,16800000,17200000,17700000,18100000,18500000,18900000,19300000,19700000,20000000,20300000,20600000,20900000,21200000,21500000,21700000,22000000,22200000,22400000,22700000,22900000,23200000,23600000,24000000,24400000,24900000
Philippines,7960000,8300000,8650000,9020000,9390000,9770000,10200000,10500000,11000000,11400000,11800000,12300000,12900000,13500000,14100000,14700000,15200000,15800000,16400000,17000000,17700000,18700000,19700000,20700000,21800000,22900000,24100000,25300000,26600000,27900000,29100000,29800000,30400000,31100000,31800000,32500000,33200000,33900000,34600000,35300000,36000000,36700000,37400000,38100000,38800000,39500000,40100000,40700000,41300000,41900000,42600000,43500000,44400000,45400000,46300000,47300000,48200000,49100000,50000000
Poland,14200000,14500000,14800000,15100000,15500000,15800000,16000000,16300000,16600000,16800000,17000000,17300000,17600000,18000000,18400000,18800000,19200000,19600000,20000000,20300000,20700000,21000000,21300000,21700000,22000000,22300000,22600000,22900000,23100000,23200000,23400000,23500000,23500000,23600000,23700000,23700000,23800000,23800000,23800000,23800000,23600000,23600000,23600000,23600000,23500000,23500000,23400000,23300000,23300000,23300000,23200000,23100000,23100000,23000000,23000000,22900000,22800000,22800000,22800000
Portugal,3100000,3160000,3210000,3260000,3300000,3320000,3330000,3340000,3360000,3360000,3370000,3390000,3420000,3450000,3540000,3710000,3850000,3930000,4010000,4090000,4180000,4260000,4340000,4410000,4480000,4540000,4600000,4650000,4700000,4740000,4780000,4830000,4890000,4960000,5040000,5120000,5210000,5300000,5390000,5490000,5600000,5700000,5800000,5890000,5970000,6040000,6120000,6190000,6270000,6340000,6400000,6460000,6490000,6520000,6550000,6580000,6620000,6660000,6710000
Qatar,40400,44100,48400,53400,58600,64100,69700,75600,81900,88900,96800,106000,116000,126000,136000,146000,155000,162000,171000,183000,200000,222000,249000,278000,307000,334000,360000,384000,407000,426000,442000,455000,464000,472000,480000,488000,498000,512000,529000,548000,571000,594000,620000,660000,731000,843000,999000,1190000,1410000,1630000,1830000,2010000,2170000,2310000,2430000,2540000,2630000,2700000,2760000
Romania,6300000,6470000,6650000,6820000,7000000,7170000,7370000,7590000,7790000,7970000,8160000,8350000,8540000,8710000,8900000,9120000,9340000,9560000,9800000,10000000,10200000,10500000,10700000,10900000,11100000,11300000,11500000,11700000,11900000,12200000,12300000,12400000,12400000,12300000,12300000,12200000,12100000,12100000,12000000,11900000,11900000,11700000,11500000,11400000,11400000,11300000,11300000,11200000,11000000,10900000,10900000,10900000,10800000,10800000,10700000,10700000,10600000,10600000,10500000
Russia,64400000,66200000,68100000,69900000,71800000,73700000,75300000,76800000,78400000,79900000,81500000,83000000,84500000,86100000,87600000,89100000,90800000,92500000,94200000,95700000,97000000,98200000,99500000,101000000,102000000,103000000,105000000,106000000,107000000,108000000,109000000,109000000,109000000,109000000,109000000,109000000,109000000,109000000,108000000,108000000,108000000,107000000,107000000,106000000,106000000,105000000,105000000,105000000,105000000,105000000,105000000,105000000,106000000,106000000,106000000,107000000,107000000,107000000,108000000
Rwanda,76300,79600,82700,85900,89400,93200,97700,103000,108000,114000,120000,129000,139000,150000,162000,175000,188000,204000,220000,232000,243000,255000,267000,280000,294000,311000,330000,352000,374000,389000,395000,389000,421000,458000,504000,574000,684000,800000,922000,1050000,1180000,1300000,1410000,1450000,1470000,1500000,1530000,1570000,1610000,1660000,1700000,1740000,1790000,1830000,1880000,1930000,1990000,2050000,2120000
Samoa,20600,21300,22100,22900,23700,24500,25300,26300,27300,28200,29100,30000,30600,31000,31400,31800,32100,32400,32500,32700,32900,33100,33400,33600,33800,33900,34000,34100,34200,34300,34500,34800,35200,35700,36200,36600,37000,37300,37700,38000,38300,38700,38700,38500,38300,38100,38000,37800,37600,37500,37300,37200,37100,37000,36800,36600,36300,36000,35800
San Marino,7550,7920,8310,8710,9120,9530,9940,10400,10800,11100,11500,12100,12600,13100,13600,14200,14800,15400,16100,16800,17400,18000,18600,19100,19600,20100,20600,21100,21300,21500,21800,22100,22400,22900,23300,23800,24200,24500,24900,25300,25700,26100,26500,26800,27200,27700,28100,28600,29000,29400,29900,30400,30900,31400,31800,32200,32500,32700,32800
Sao Tome and Principe,10300,10900,11600,12300,13200,14200,15400,16800,18500,20200,22000,23100,23800,24600,25400,26300,27400,28500,29700,30900,32100,33100,34600,36300,38000,39900,42100,44400,46900,49400,52000,54600,57000,59400,61700,64000,66400,68700,71000,73400,76000,78700,81900,85400,89100,93200,97600,102000,107000,112000,117000,122000,127000,131000,135000,140000,144000,149000,154000
Saudi Arabia,1280000,1370000,1460000,1580000,1720000,1880000,2040000,2220000,2410000,2610000,2840000,3090000,3370000,3670000,4000000,4330000,4670000,5040000,5440000,5890000,6380000,6940000,7550000,8190000,8860000,9530000,10200000,10800000,11300000,11900000,12400000,13000000,13500000,13900000,14300000,14700000,15000000,15400000,15700000,16100000,16500000,17000000,17500000,18100000,18700000,19300000,19900000,20500000,21100000,21800000,22500000,23300000,24100000,24900000,25600000,26400000,27100000,27700000,28300000
Senegal,738000,779000,823000,869000,919000,970000,1030000,1080000,1140000,1210000,1280000,1350000,1420000,1500000,1580000,1660000,1740000,1800000,1860000,1930000,2000000,2070000,2160000,2240000,2330000,2430000,2530000,2630000,2740000,2830000,2930000,3030000,3130000,3230000,3340000,3440000,3540000,3640000,3740000,3840000,3950000,4060000,4180000,4310000,4470000,4630000,4790000,4970000,5160000,5350000,5550000,5760000,5980000,6200000,6440000,6690000,6940000,7210000,7480000
Serbia,,,,,,,,,,,,,,,,,,,,,,,,,,,,,,,3820000,3860000,3900000,3940000,3980000,3940000,3950000,3960000,3960000,3960000,3970000,3980000,3990000,4000000,4000000,4010000,4010000,4010000,4010000,4010000,4010000,3990000,3990000,3970000,3960000,3950000,3940000,3930000,3920000
Seychelles,11500,12300,13100,13900,14800,15700,16700,17700,18700,19800,20900,22100,23400,24600,25900,27400,28900,30400,30700,31000,31200,31600,31800,31700,31900,32200,32400,33700,33900,34100,34200,34700,34900,35700,36800,37400,38000,38600,39500,40400,40900,41100,42600,42300,42400,42800,44000,44500,45800,46200,47900,47000,47800,49100,50200,51800,52900,53900,54900
Sierra Leone,402000,421000,441000,463000,486000,511000,537000,565000,594000,625000,658000,692000,729000,767000,807000,842000,873000,905000,939000,974000,1010000,1050000,1090000,1130000,1170000,1220000,1270000,1310000,1360000,1400000,1440000,1460000,1470000,1470000,1470000,1480000,1500000,1510000,1540000,1580000,1630000,1710000,1790000,1890000,1990000,2080000,2170000,2260000,2340000,2410000,2490000,2580000,2660000,2750000,2840000,2930000,3020000,3120000,3220000
Singapore,1650000,1700000,1750000,1800000,1840000,1890000,1930000,1980000,2010000,2040000,2070000,2110000,2150000,2190000,2230000,2260000,2290000,2330000,2350000,2380000,2410000,2530000,2650000,2680000,2730000,2740000,2730000,2770000,2850000,2930000,3050000,3140000,3230000,3310000,3420000,3520000,3670000,3800000,3930000,3960000,4030000,4140000,4180000,4110000,4170000,4270000,4400000,4590000,4840000,4990000,5080000,5180000,5310000,5400000,5470000,5540000,5610000,5610000,5640000
Slovak Republic,1360000,1420000,1470000,1520000,1570000,1620000,1670000,1720000,1770000,1820000,1860000,1910000,1980000,2050000,2120000,2190000,2270000,2340000,2420000,2500000,2570000,2620000,2670000,2710000,2750000,2800000,2840000,2880000,2920000,2960000,2990000,3010000,3010000,3020000,3030000,3030000,3030000,3040000,3040000,3040000,3030000,3020000,3010000,3000000,2990000,2990000,2980000,2970000,2960000,2960000,2950000,2940000,2940000,2930000,2930000,2920000,2920000,2920000,2930000
Slovenia,447000,464000,480000,498000,516000,536000,557000,579000,599000,618000,638000,660000,684000,709000,733000,760000,792000,822000,852000,883000,913000,933000,938000,947000,955000,963000,978000,993000,999000,1000000,1010000,1010000,1010000,1010000,1010000,1010000,1010000,1010000,1000000,1010000,1010000,1010000,1010000,1020000,1020000,1030000,1040000,1050000,1060000,1070000,1080000,1090000,1090000,1100000,1100000,1110000,1120000,1120000,1130000
Solomon Islands,6800,7330,7900,8520,9190,9910,10700,11500,12400,13400,14300,14900,15500,16200,16900,17600,18600,19900,21300,22800,24400,26100,27800,29700,31600,33700,35800,37600,39200,40900,42700,44500,46400,48400,50500,52700,54900,57300,59700,62200,65300,68700,72300,76000,79800,83800,87800,92000,96300,101000,106000,111000,117000,122000,129000,135000,141000,148000,155000
Somalia,477000,502000,528000,556000,584000,613000,644000,678000,714000,749000,781000,807000,829000,858000,909000,989000,1100000,1250000,1410000,1560000,1680000,1760000,1800000,1820000,1840000,1870000,1910000,1960000,2030000,2090000,2140000,2180000,2210000,2250000,2290000,2350000,2440000,2550000,2680000,2810000,2950000,3090000,3230000,3410000,3600000,3790000,3990000,3810000,4100000,4410000,4730000,5070000,5280000,5500000,5730000,5970000,6220000,6480000,6750000
South Africa,7970000,8200000,8430000,8660000,8910000,9160000,9420000,9690000,9970000,10300000,10600000,10800000,11200000,11500000,11800000,12100000,12400000,12800000,13100000,13500000,13800000,14300000,14700000,15200000,15600000,16100000,16700000,17300000,17900000,18500000,19100000,19800000,20500000,21200000,21900000,22600000,23200000,23800000,24400000,25000000,25600000,26100000,26700000,27300000,27900000,28500000,29100000,29800000,30400000,31100000,31900000,32600000,33400000,34200000,35100000,35900000,36700000,37500000,38300000
South Korea,6930000,7350000,7810000,8290000,8780000,9290000,9820000,10500000,11400000,12200000,13100000,13900000,14600000,15400000,16200000,16900000,17800000,18700000,19700000,20600000,21600000,22600000,23600000,24600000,25600000,26500000,27500000,28500000,29600000,30600000,31700000,32500000,33200000,33900000,34600000,35300000,35800000,36300000,36600000,37000000,37400000,37900000,38300000,38600000,38900000,39200000,39500000,39700000,40100000,40400000,40600000,40900000,41100000,41200000,41500000,41600000,41800000,41900000,42000000
South Sudan,249000,253000,257000,262000,267000,272000,278000,283000,289000,295000,302000,308000,315000,323000,330000,338000,346000,354000,363000,373000,384000,395000,408000,431000,472000,514000,557000,602000,647000,690000,729000,763000,791000,810000,805000,812000,835000,873000,920000,972000,1020000,1070000,1120000,1170000,1230000,1290000,1370000,1450000,1530000,1620000,1700000,1770000,1840000,1910000,1970000,2020000,2070000,2110000,2150000
Spain,17200000,17600000,18100000,18600000,19100000,19600000,20100000,20700000,21200000,21800000,22300000,22900000,23400000,23900000,24400000,24900000,25400000,25900000,26400000,26800000,27300000,27700000,27900000,28200000,28400000,28500000,28700000,28900000,29000000,29200000,29300000,29400000,29600000,29800000,30000000,30100000,30300000,30500000,30600000,30800000,30900000,31200000,31700000,32400000,33100000,33700000,34400000,35200000,35800000,36300000,36500000,36800000,36900000,36900000,36900000,37000000,37100000,37300000,37600000
Sri Lanka,1620000,1680000,1730000,1790000,1850000,1900000,1960000,2020000,2080000,2140000,2200000,2260000,2310000,2370000,2430000,2490000,2550000,2610000,2670000,2740000,2800000,2850000,2890000,2930000,2970000,3010000,3050000,3090000,3130000,3170000,3210000,3250000,3280000,3310000,3340000,3370000,3390000,3400000,3420000,3430000,3450000,3470000,3500000,3520000,3550000,3580000,3600000,3630000,3650000,3670000,3690000,3710000,3720000,3750000,3790000,3830000,3880000,3940000,4000000
St. Kitts and Nevis,14200,14500,14700,14900,15100,15200,15200,15300,15300,15300,15300,15300,15300,15400,15400,15500,15500,15500,15500,15500,15500,15400,15200,15100,14900,14800,14600,14400,14200,14000,13900,13900,14000,14000,14100,14200,14200,14300,14300,14400,14400,14500,14700,14800,14900,15000,15100,15200,15200,15300,15400,15400,15500,15600,15700,15800,15900,16000,16100
St. Lucia,19200,19700,20200,20700,21200,21800,22400,23000,23600,24300,24900,25400,26000,26500,27000,27600,28300,29000,29700,30500,31300,32000,32800,33500,34400,35300,36200,37300,38400,39500,40500,41400,41600,41800,42000,42200,42500,42800,43100,43400,43500,43500,42000,40500,39100,37700,36500,35300,34200,33100,32100,32400,32600,32800,33000,33200,33400,33700,34000
St. Vincent and the Grenadines,21000,21700,22400,23000,23600,24300,25000,25600,26300,27000,27800,28500,29300,30100,30900,31800,32600,33500,34300,35200,36100,36900,37800,38600,39500,40300,41200,42100,42900,43700,44500,45200,45700,46100,46500,46900,47200,47600,47900,48300,48700,49100,49600,50100,50600,51100,51500,51900,52200,52600,53000,53500,54000,54500,55000,55600,56200,56900,57500
Sudan,811000,873000,939000,1010000,1090000,1170000,1260000,1360000,1460000,1580000,1700000,1830000,1970000,2100000,2200000,2300000,2410000,2520000,2640000,2770000,2900000,3030000,3170000,3370000,3650000,3950000,4260000,4600000,4950000,5340000,5760000,6230000,6750000,7240000,7510000,7770000,8000000,8220000,8430000,8640000,8860000,9100000,9360000,9620000,9880000,10100000,10400000,10600000,10900000,11100000,11400000,11700000,12100000,12400000,12800000,13200000,13600000,14000000,14500000
Suriname,136000,140000,144000,148000,152000,155000,159000,162000,165000,168000,169000,169000,172000,179000,186000,193000,201000,209000,217000,225000,234000,234000,235000,236000,238000,241000,245000,250000,255000,261000,266000,272000,277000,282000,287000,292000,296000,301000,305000,309000,313000,317000,321000,325000,329000,333000,337000,340000,344000,347000,351000,355000,358000,362000,366000,369000,373000,377000,381000
Swaziland,13200,14900,16800,19000,21500,24300,27500,30500,33900,37700,41900,46400,51500,57000,63200,70000,77500,82400,86900,91700,96900,102000,108000,114000,121000,128000,135000,142000,150000,158000,166000,174000,182000,190000,198000,207000,215000,222000,225000,227000,228000,229000,229000,228000,227000,227000,227000,228000,231000,235000,239000,243000,247000,250000,253000,257000,261000,266000,270000
Sweden,5430000,5510000,5620000,5720000,5830000,5960000,6080000,6190000,6290000,6400000,6520000,6610000,6650000,6690000,6730000,6780000,6810000,6840000,6860000,6890000,6900000,6910000,6920000,6920000,6930000,6940000,6960000,6980000,7010000,7060000,7110000,7170000,7230000,7280000,7350000,7400000,7420000,7430000,7430000,7440000,7450000,7480000,7510000,7540000,7580000,7610000,7670000,7740000,7810000,7890000,7980000,8060000,8150000,8250000,8360000,8480000,8620000,8760000,8900000
Switzerland,3780000,3870000,3990000,4090000,4180000,4240000,4300000,4370000,4450000,4510000,4560000,4600000,4640000,4670000,4700000,4700000,4680000,4670000,4670000,4680000,4710000,4730000,4760000,4770000,4790000,4800000,4820000,4850000,4880000,4920000,4960000,5020000,5080000,5120000,5150000,5190000,5200000,5210000,5230000,5250000,5270000,5300000,5350000,5390000,5430000,5460000,5500000,5550000,5630000,5700000,5760000,5830000,5890000,5960000,6030000,6110000,6170000,6230000,6280000
Syria,1680000,1770000,1850000,1950000,2050000,2150000,2260000,2370000,2490000,2620000,2750000,2870000,3000000,3130000,3260000,3400000,3540000,3690000,3840000,4000000,4170000,4350000,4530000,4720000,4910000,5100000,5290000,5490000,5690000,5890000,6090000,6300000,6510000,6720000,6940000,7190000,7450000,7720000,7990000,8260000,8520000,8770000,9000000,9240000,9520000,9880000,10300000,10800000,11300000,11700000,11900000,11500000,10900000,10300000,9640000,9390000,9220000,9130000,9160000
Tajikistan,692000,725000,759000,796000,835000,875000,915000,957000,1000000,1040000,1080000,1110000,1130000,1160000,1180000,1210000,1230000,1260000,1280000,1310000,1340000,1370000,1400000,1440000,1470000,1510000,1550000,1590000,1630000,1660000,1670000,1680000,1680000,1680000,1670000,1660000,1660000,1650000,1640000,1640000,1650000,1670000,1700000,1730000,1770000,1800000,1840000,1870000,1910000,1950000,2000000,2040000,2090000,2140000,2200000,2260000,2330000,2400000,2470000
Tanzania,527000,558000,591000,626000,662000,702000,743000,787000,866000,959000,1060000,1180000,1310000,1450000,1600000,1770000,1960000,2160000,2380000,2540000,2700000,2860000,3040000,3220000,3420000,3630000,3840000,4070000,4310000,4530000,4760000,5000000,5270000,5540000,5820000,6090000,6360000,6620000,6890000,7170000,7470000,7800000,8140000,8580000,9050000,9550000,10100000,10600000,11200000,11800000,12500000,13200000,13900000,14600000,15400000,16300000,17200000,18100000,19000000
Thailand,5390000,5580000,5780000,5990000,6210000,6430000,6670000,6910000,7150000,7400000,7700000,8140000,8600000,9070000,9560000,10100000,10600000,11100000,11600000,12200000,12700000,13100000,13500000,13800000,14200000,14600000,15000000,15400000,15900000,16300000,16600000,16900000,17200000,17500000,17700000,18000000,18300000,18600000,19000000,19300000,19800000,20700000,21600000,22600000,23500000,24500000,25500000,26400000,27400000,28400000,29500000,30200000,30800000,31500000,32100000,32800000,33400000,34100000,34700000
Timor-Leste,47900,49500,51700,54000,56400,59000,61600,64400,67200,70300,73700,77300,81300,85300,88900,91800,93800,95000,95800,96900,98900,102000,106000,111000,116000,122000,128000,134000,140000,146000,154000,161000,169000,176000,184000,190000,196000,200000,204000,209000,215000,222000,230000,240000,250000,259000,268000,277000,285000,294000,303000,313000,322000,332000,342000,353000,364000,376000,388000
Togo,160000,175000,191000,209000,230000,255000,286000,322000,364000,409000,450000,472000,493000,513000,532000,553000,573000,595000,617000,642000,671000,704000,740000,780000,822000,864000,907000,950000,993000,1040000,1080000,1120000,1160000,1200000,1250000,1300000,1350000,1420000,1480000,1550000,1620000,1690000,1760000,1830000,1900000,1970000,2050000,2140000,2230000,2320000,2410000,2510000,2610000,2720000,2830000,2940000,3050000,3170000,3290000
Tonga,10800,11400,12100,12900,13700,14500,15300,15900,16300,16700,17000,17300,17500,17600,17800,18000,18200,18500,18900,19300,19700,20000,20200,20400,20700,20900,21200,21300,21400,21500,21600,21700,21700,21800,21900,21900,22000,22200,22300,22400,22500,22700,22800,23000,23200,23400,23600,23800,24100,24200,24300,24300,24100,23800,23600,23500,23500,23600,23900
Trinidad and Tobago,290000,303000,315000,328000,340000,351000,362000,373000,384000,395000,407000,420000,435000,450000,466000,482000,499000,515000,532000,550000,567000,578000,590000,601000,612000,623000,632000,640000,647000,654000,661000,668000,674000,680000,685000,690000,694000,698000,701000,705000,708000,709000,709000,710000,712000,713000,714000,714000,715000,716000,718000,719000,722000,725000,728000,731000,734000,736000,739000
Tunisia,1570000,1610000,1650000,1700000,1750000,1810000,1870000,1950000,2030000,2110000,2200000,2290000,2390000,2490000,2590000,2690000,2790000,2890000,2990000,3100000,3220000,3350000,3490000,3630000,3780000,3950000,4110000,4270000,4440000,4600000,4780000,4950000,5130000,5310000,5480000,5610000,5730000,5850000,5960000,6060000,6160000,6250000,6340000,6420000,6510000,6590000,6680000,6780000,6880000,6990000,7090000,7190000,7290000,7390000,7500000,7610000,7730000,7850000,7970000
Turkey,8660000,9030000,9400000,9790000,10200000,10600000,11100000,11600000,12200000,12700000,13300000,13900000,14500000,15100000,15700000,16300000,16900000,17500000,18000000,18600000,19300000,20300000,21600000,23000000,24400000,25800000,27000000,28200000,29500000,30700000,31900000,32900000,33700000,34600000,35500000,36300000,37200000,38100000,39100000,40000000,40900000,41900000,43000000,44000000,45000000,46100000,47100000,48000000,49000000,50100000,51200000,52400000,53700000,55100000,56400000,57800000,59200000,60500000,61900000
Turkmenistan,744000,772000,801000,831000,861000,892000,923000,954000,986000,1020000,1050000,1080000,1110000,1140000,1170000,1200000,1230000,1260000,1300000,1330000,1350000,1380000,1410000,1430000,1460000,1490000,1520000,1550000,1580000,1620000,1660000,1700000,1750000,1800000,1840000,1880000,1930000,1970000,2010000,2040000,2070000,2110000,2140000,2170000,2200000,2240000,2280000,2320000,2360000,2410000,2470000,2530000,2590000,2660000,2730000,2800000,2870000,2950000,3020000
Tuvalu,846,877,908,940,974,1010,1060,1110,1160,1210,1270,1310,1360,1410,1480,1560,1680,1820,1980,2130,2280,2400,2510,2610,2700,2820,2960,3120,3290,3450,3620,3790,3900,3970,4030,4090,4140,4180,4220,4260,4320,4400,4500,4640,4800,4970,5130,5290,5440,5610,5770,5930,6100,6280,6450,6630,6810,7000,7180
Uganda,299000,322000,348000,376000,407000,440000,476000,514000,555000,599000,627000,652000,676000,702000,728000,756000,786000,818000,852000,888000,937000,1000000,1080000,1160000,1240000,1330000,1430000,1540000,1660000,1790000,1920000,2060000,2190000,2330000,2470000,2620000,2780000,2940000,3120000,3300000,3500000,3710000,3930000,4170000,4430000,4700000,4980000,5280000,5590000,5930000,6290000,6660000,7060000,7480000,7940000,8430000,8970000,9550000,10200000
Ukraine,20000000,20500000,21100000,21700000,22300000,22900000,23500000,24100000,24700000,25300000,25800000,26400000,26900000,27400000,28000000,28500000,29000000,29500000,29900000,30400000,30800000,31300000,31700000,32100000,32500000,32900000,33300000,33800000,34200000,34500000,34600000,34700000,34900000,34900000,34700000,34500000,34200000,33900000,33600000,33300000,33000000,32700000,32400000,32200000,32100000,31900000,31800000,31700000,31600000,31500000,31500000,31400000,31400000,31300000,31200000,31200000,31100000,31000000,30900000
United Arab Emirates,67900,75000,84400,95200,106000,116000,126000,135000,146000,162000,187000,221000,264000,315000,373000,438000,510000,589000,671000,750000,823000,885000,937000,986000,1040000,1090000,1150000,1220000,1290000,1370000,1450000,1530000,1620000,1710000,1800000,1890000,1990000,2110000,2230000,2370000,2510000,2660000,2820000,3020000,3330000,3770000,4380000,5120000,5910000,6630000,7190000,7550000,7750000,7820000,7870000,7940000,8050000,8180000,8330000
United Kingdom,41100000,41400000,41700000,41900000,42100000,42300000,42500000,42600000,42700000,42800000,42900000,43100000,43300000,43500000,43600000,43700000,43800000,43800000,43900000,44100000,44200000,44300000,44200000,44200000,44300000,44300000,44400000,44500000,44500000,44600000,44700000,44900000,45000000,45200000,45300000,45500000,45600000,45800000,45900000,46100000,46300000,46600000,46900000,47300000,47800000,48300000,48800000,49400000,49900000,50500000,51000000,51600000,52100000,52700000,53200000,53800000,54400000,54900000,55400000
United States,126000000,129000000,132000000,135000000,137000000,140000000,142000000,144000000,146000000,149000000,151000000,153000000,155000000,156000000,157000000,159000000,161000000,162000000,164000000,166000000,168000000,170000000,172000000,173000000,175000000,177000000,179000000,181000000,183000000,185000000,188000000,192000000,195000000,199000000,202000000,206000000,209000000,213000000,216000000,220000000,223000000,226000000,228000000,231000000,234000000,236000000,239000000,242000000,245000000,247000000,250000000,252000000,255000000,257000000,259000000,262000000,264000000,267000000,269000000
Uruguay,2040000,2070000,2100000,2130000,2160000,2190000,2220000,2250000,2270000,2300000,2310000,2330000,2340000,2340000,2350000,2360000,2380000,2410000,2430000,2460000,2490000,2520000,2540000,2570000,2600000,2630000,2650000,2680000,2710000,2740000,2770000,2800000,2830000,2860000,2890000,2920000,2950000,2980000,3010000,3030000,3060000,3070000,3080000,3090000,3090000,3100000,3110000,3120000,3140000,3160000,3170000,3190000,3200000,3210000,3230000,3240000,3260000,3270000,3290000
Uzbekistan,2900000,3020000,3140000,3280000,3420000,3570000,3730000,3900000,4080000,4250000,4440000,4630000,4820000,5010000,5210000,5420000,5640000,5870000,6100000,6310000,6480000,6650000,6830000,7000000,7180000,7350000,7540000,7720000,7910000,8150000,8480000,8770000,9070000,9390000,9680000,9960000,10300000,10600000,10900000,11100000,11400000,11600000,11900000,12200000,12400000,12700000,13000000,13300000,13600000,14000000,14600000,15000000,15200000,15400000,15600000,15900000,16100000,16400000,16600000
Vanuatu,6630,6950,7300,7660,8030,8410,8800,9200,9610,10100,10500,11000,11600,12100,12800,13400,14000,14700,15400,16200,17000,17900,18800,19800,20700,21700,22800,23900,25100,26300,27400,28600,29900,31300,32600,33900,35100,36300,37500,38800,40100,41500,43100,44800,46600,48300,50100,52000,53900,55900,57800,59600,61500,63500,65600,67700,69800,71800,74000
Venezuela,5020000,5310000,5590000,5880000,6180000,6500000,6820000,7150000,7490000,7840000,8190000,8550000,8900000,9260000,9620000,10000000,10400000,10800000,11200000,11600000,12000000,12500000,12900000,13300000,13700000,14200000,14600000,15100000,15600000,16100000,16500000,17000000,17500000,17900000,18400000,18900000,19300000,19800000,20300000,20700000,21200000,21700000,22100000,22500000,22900000,23200000,23600000,24000000,24300000,24700000,25100000,25500000,25900000,26200000,26500000,26500000,26300000,25900000,25500000
Vietnam,4800000,5060000,5330000,5610000,5910000,6220000,6540000,6870000,7220000,7580000,7940000,8180000,8420000,8660000,8900000,9150000,9400000,9650000,9910000,10200000,10400000,10700000,11000000,11300000,11600000,11900000,12200000,12500000,12900000,13200000,13800000,14300000,14900000,15500000,16000000,16600000,17200000,17700000,18300000,18800000,19500000,20100000,20800000,21500000,22200000,22900000,23600000,24300000,25100000,25900000,26800000,27600000,28500000,29400000,30400000,31300000,32300000,33300000,34300000
Yemen,484000,510000,538000,568000,599000,632000,666000,703000,741000,781000,824000,855000,888000,924000,963000,1010000,1060000,1110000,1170000,1240000,1310000,1390000,1470000,1560000,1660000,1760000,1870000,1990000,2130000,2280000,2450000,2640000,2860000,3090000,3320000,3540000,3750000,3950000,4150000,4360000,4570000,4800000,5040000,5290000,5550000,5820000,6100000,6400000,6700000,7020000,7360000,7710000,8070000,8440000,8820000,9220000,9620000,10000000,10400000
Zambia,557000,600000,645000,696000,762000,834000,913000,997000,1090000,1190000,1270000,1350000,1440000,1530000,1620000,1730000,1830000,1950000,2070000,2200000,2330000,2410000,2490000,2580000,2660000,2750000,2830000,2920000,3000000,3090000,3170000,3220000,3250000,3290000,3330000,3380000,3420000,3470000,3520000,3580000,3620000,3740000,3890000,4050000,4210000,4380000,4550000,4740000,4930000,5140000,5350000,5590000,5840000,6100000,6370000,6650000,6940000,7240000,7550000
Zimbabwe,476000,501000,528000,567000,609000,654000,701000,752000,806000,863000,918000,978000,1040000,1110000,1180000,1250000,1320000,1400000,1480000,1560000,1660000,1760000,1860000,1990000,2120000,2260000,2400000,2550000,2710000,2870000,3020000,3180000,3320000,3430000,3530000,3620000,3710000,3790000,3870000,3940000,4010000,4070000,4130000,4130000,4120000,4120000,4120000,4140000,4150000,4180000,4220000,4260000,4310000,4360000,4420000,4470000,4530000,4590000,4650000